 "year" "mean season Bio-E" "fcm convergence" "probability of mutation" "mutated?" "recombined?" "decay-rate" "energy-gain" "ndvi-weight" "caribou-veg-factor" "caribou-rough-factor" "caribou-insect-factor" "caribou-modifier-factor" "caribou-deflection-factor" "caribou-precip-factor" "solution success"
 0 -2884037.099857746 0 0 0 0 0.928 0.939 0.468 0.112 0.223 0.551 0.387 0.86 0.759 0
 1 -3482800.7688890765 0 0 0 0 0.928 0.939 0.468 0.112 0.223 0.551 0.387 0.86 0.759 0
 2 -3644354.31835707 0.21999999999999997 0.18699999999999997 0 0 0.928 0.939 0.468 0.112 0.223 0.551 0.387 0.86 0.759 0
 3 -3954798.5083250673 0.28 0.23800000000000002 0 0 0.928 0.939 0.468 0.112 0.223 0.551 0.387 0.86 0.759 0
 4 -4103804.144841071 0.33999999999999997 0.289 0 0 0.928 0.939 0.468 0.112 0.223 0.551 0.387 0.86 0.759 0
 5 -3933348.9369213623 0.28 0.23800000000000002 0 0 0.928 0.939 0.468 0.112 0.223 0.551 0.387 0.86 0.759 0
 6 -3009140.949501693 0.31999999999999995 0.27199999999999996 1 0 0.928 0.939 0.468 0.112 0.223 0.551 0.387 0.86 0.759 0
 7 -3455851.7176307295 0.33999999999999997 0.289 0 0 0.661 0.719 0.24800000000000005 0 0.6829999999999999 1 0.847 0.593 0.492 0
 8 -2698335.682130715 0.33999999999999997 0.289 0 0 0.661 0.719 0.24800000000000005 0 0.6829999999999999 1 0.847 0.593 0.492 0
 9 -2240968.789655189 0.31999999999999995 0.27199999999999996 1 0 0.661 0.719 0.24800000000000005 0 0.6829999999999999 1 0.847 0.593 0.492 0
 10 -1787689.8587140245 0.45999999999999996 0.39099999999999996 0 0 0.30500000000000005 0.576 0 0 0.32699999999999996 0.644 0.704 0.31099999999999994 0.349 0
 11 -1313801.7062632719 0.38 0.323 0 0 0.30500000000000005 0.576 0 0 0.32699999999999996 0.644 0.704 0.31099999999999994 0.349 0
 12 -2064270.3342830425 0.38 0.323 1 0 0.30500000000000005 0.576 0 0 0.32699999999999996 0.644 0.704 0.31099999999999994 0.349 0
 13 -1762494.7341356573 0.33999999999999997 0.289 1 0 0.3410000000000001 0.967 0.369 0.369 0.718 0.68 1 0.347 0.74 0
 14 -1310173.6692407737 0.26 0.221 0 0 0.032000000000000084 0.6579999999999999 0.628 0.06 0.977 0.92 1 0.587 0.999 0
 15 -1466404.2577182984 0.38 0.323 1 0 0.032000000000000084 0.6579999999999999 0.628 0.06 0.977 0.92 1 0.587 0.999 0
 16 -1302273.2593158467 0.45999999999999996 0.39099999999999996 0 0 0 0.5119999999999999 0.21899999999999997 0 0.568 0.47000000000000003 0.854 0.13699999999999996 0.59 0
 17 -1152742.1678071152 0.38 0.323 0 0 0 0.5119999999999999 0.21899999999999997 0 0.568 0.47000000000000003 0.854 0.13699999999999996 0.59 0
 18 -1438938.6728509623 0.42000000000000004 0.35700000000000004 0 0 0 0.5119999999999999 0.21899999999999997 0 0.568 0.47000000000000003 0.854 0.13699999999999996 0.59 0
 19 -1298886.666324706 0.42000000000000004 0.35700000000000004 0 0 0 0.5119999999999999 0.21899999999999997 0 0.568 0.47000000000000003 0.854 0.13699999999999996 0.59 0
 20 -1444122.6278335438 0.28 0.23800000000000002 1 0 0 0.5119999999999999 0.21899999999999997 0 0.568 0.47000000000000003 0.854 0.13699999999999996 0.59 0
 21 -1292575.9284151604 0.28 0.23800000000000002 0 0 0 0.2609999999999999 0 0.22099999999999997 0.7889999999999999 0.21900000000000003 0.709 0.35799999999999993 0.44499999999999995 0
 22 -1727484.9309419512 0.24 0.204 1 0 0 0.2609999999999999 0 0.22099999999999997 0.7889999999999999 0.21900000000000003 0.709 0.35799999999999993 0.44499999999999995 0
 23 -2341369.7479275106 0.30000000000000004 0.255 0 0 0 0.2649999999999999 0.0040000000000000036 0 0.7929999999999999 0 0.46099999999999997 0.10999999999999993 0.13799999999999996 0
 24 -2340493.5859275027 0.48 0.408 1 0 0 0.2649999999999999 0.0040000000000000036 0 0.7929999999999999 0 0.46099999999999997 0.10999999999999993 0.13799999999999996 0
 25 -1726940.796491161 0.43999999999999995 0.37399999999999994 1 0 0 0.039999999999999925 0 0 0.603 0 0.27099999999999996 0 0 0
 26 -1106781.931999999 0.36 0.306 0 0 0 0 0 0 0.5429999999999999 0 0.19999999999999996 0 0 0
 27 -331213.21499999944 0.36 0.2508458822401225 0 0 0 0 0 0 0.5429999999999999 0 0.19999999999999996 0 0 0.110308235519755
 28 -479856.1044999999 0.48 0.408 1 0 0 0 0 0 0.5429999999999999 0 0.19999999999999996 0 0 0
 29 -331116.1879986225 0.48 0.35280866436464225 1 1 0.10299999999999998 0.040000000000000036 0.040000000000000036 0.040000000000000036 0.6459999999999999 0.15200000000000002 0.30299999999999994 0.15200000000000002 0.15200000000000002 0.11038267127071544
 30 -338777.6564894949 0.38 0.27074747084368816 0 0 0 0.15300000000000002 0 0 0.7889999999999999 0.29500000000000004 0.44599999999999995 0.30500000000000005 0.30500000000000005 0.10450505831262369
 31 -494750.8199868966 0.42000000000000004 0.35700000000000004 1 0 0 0.15300000000000002 0 0 0.7889999999999999 0.29500000000000004 0.44599999999999995 0.30500000000000005 0.30500000000000005 0
 32 -493711.71196858777 0.33999999999999997 0.289 1 0 0.21399999999999997 0.367 0.026000000000000023 0.026000000000000023 0.961 0.509 0.618 0.4770000000000001 0.33100000000000007 0
 33 -803956.6434594948 0.4 0.34 0 0 0.025999999999999968 0.296 0 0.31100000000000005 1 0.794 0.43 0.4060000000000001 0.14300000000000007 0
 34 -494761.50896959304 0.38 0.323 0 0 0.025999999999999968 0.296 0 0.31100000000000005 1 0.794 0.43 0.4060000000000001 0.14300000000000007 0
 35 -334376.77398476045 0.36 0.25205936861709266 0 0 0.025999999999999968 0.296 0 0.31100000000000005 1 0.794 0.43 0.4060000000000001 0.14300000000000007 0.10788126276581467
 36 -330993.271489861 0.28 0.182761515723 0 0 0.025999999999999968 0.296 0 0.31100000000000005 1 0.794 0.43 0.4060000000000001 0.14300000000000007 0.11047696855400002
 37 -328168.3794949171 0.26 0.16467793613153706 0 0 0.025999999999999968 0.296 0 0.31100000000000005 1 0.794 0.43 0.4060000000000001 0.14300000000000007 0.11264412773692589
 38 -479747.05149487994 0.33999999999999997 0.289 0 0 0.025999999999999968 0.296 0 0.31100000000000005 1 0.794 0.43 0.4060000000000001 0.14300000000000007 0
 39 -788962.6889847491 0.28 0.23800000000000002 1 1 0.025999999999999968 0.296 0 0.31100000000000005 1 0.794 0.43 0.4060000000000001 0.14300000000000007 0
 40 -793264.7489635639 0.28 0.23800000000000002 0 0 0.378 0.531 0.02400000000000002 0.02400000000000002 1 0.507 1 0.92 0.754 0
 41 -641911.0989636314 0.33999999999999997 0.289 0 0 0.378 0.531 0.02400000000000002 0.02400000000000002 1 0.507 1 0.92 0.754 0
 42 -956890.0534274003 0.36 0.306 0 0 0.378 0.531 0.02400000000000002 0.02400000000000002 1 0.507 1 0.92 0.754 0
 43 -339241.88246362173 0.19999999999999996 0.11792553987864271 0 0 0.378 0.531 0.02400000000000002 0.02400000000000002 1 0.507 1 0.92 0.754 0.1041489202427145
 44 -345334.55644548236 0.28 0.18826258398369103 0 0 0.378 0.531 0.02400000000000002 0.02400000000000002 1 0.507 1 0.92 0.754 0.09947483203261798
 45 -341036.11545456736 0.30000000000000004 0.2036137765456722 0 0 0.378 0.531 0.02400000000000002 0.02400000000000002 1 0.507 1 0.92 0.754 0.10277244690865561
 46 -336916.02746365237 0.30000000000000004 0.20203338222618045 0 0 0.378 0.531 0.02400000000000002 0.02400000000000002 1 0.507 1 0.92 0.754 0.10593323554763912
 47 -330729.3469818076 0.31999999999999995 0.21666027885761702 1 1 0.378 0.531 0.02400000000000002 0.02400000000000002 1 0.507 1 0.92 0.754 0.1106794422847659
 48 -327631.4829984738 0.4 0.2834719919441787 0 0 0 0.08899999999999997 0 0 0.7929999999999999 0.716 0 0.09800000000000003 0.22700000000000004 0.11305601611164262
 49 -324539.04749999556 0.33999999999999997 0.2312857873034121 0 0 0 0.08899999999999997 0 0 0.7929999999999999 0.716 0 0.09800000000000003 0.22700000000000004 0.11542842539317577
 50 -327646.5434984676 0.28 0.18147776889085834 0 0 0 0.08899999999999997 0 0 0.7929999999999999 0.716 0 0.09800000000000003 0.22700000000000004 0.11304446221828335
 51 -334846.4284954275 0.24 0.1502395199445444 0 0 0 0.08899999999999997 0 0 0.7929999999999999 0.716 0 0.09800000000000003 0.22700000000000004 0.10752096011091117
 52 -335872.8839954263 0.26 0.16763325047772396 0 0 0 0.08899999999999997 0 0 0.7929999999999999 0.716 0 0.09800000000000003 0.22700000000000004 0.1067334990445521
 53 -337956.3324938987 0.28 0.18543242519904055 0 0 0 0.08899999999999997 0 0 0.7929999999999999 0.716 0 0.09800000000000003 0.22700000000000004 0.10513514960191894
 54 -335872.2854954262 0.26 0.16763302090350066 0 0 0 0.08899999999999997 0 0 0.7929999999999999 0.716 0 0.09800000000000003 0.22700000000000004 0.10673395819299869
 55 -344090.1629923901 0.19999999999999996 0.1197852562302992 0 0 0 0.08899999999999997 0 0 0.7929999999999999 0.716 0 0.09800000000000003 0.22700000000000004 0.10042948753940151
 56 -345123.8564923853 0.28 0.18818176313478538 0 0 0 0.08899999999999997 0 0 0.7929999999999999 0.716 0 0.09800000000000003 0.22700000000000004 0.09963647373042928
 57 -341013.98499390564 0.21999999999999997 0.13560528768465888 0 0 0 0.08899999999999997 0 0 0.7929999999999999 0.716 0 0.09800000000000003 0.22700000000000004 0.10278942463068219
 58 -349243.37399086065 0.31999999999999995 0.22376193862326837 0 0 0 0.08899999999999997 0 0 0.7929999999999999 0.716 0 0.09800000000000003 0.22700000000000004 0.09647612275346318
 59 -341028.50299389585 0.33999999999999997 0.23761085653774294 0 0 0 0.08899999999999997 0 0 0.7929999999999999 0.716 0 0.09800000000000003 0.22700000000000004 0.10277828692451407
 60 -348232.006990854 0.36 0.2573739957770824 0 0 0 0.08899999999999997 0 0 0.7929999999999999 0.716 0 0.09800000000000003 0.22700000000000004 0.09725200844583515
 61 -355461.9849878031 0.38 0.277147289983814 0 0 0 0.08899999999999997 0 0 0.7929999999999999 0.716 0 0.09800000000000003 0.22700000000000004 0.09170542003237203
 62 -345141.35299237655 0.30000000000000004 0.20518847448882876 0 0 0 0.08899999999999997 0 0 0.7929999999999999 0.716 0 0.09800000000000003 0.22700000000000004 0.09962305102234248
 63 -363684.72048476257 0.28 0.1953013887551832 0 0 0 0.08899999999999997 0 0 0.7929999999999999 0.716 0 0.09800000000000003 0.22700000000000004 0.08539722248963366
 64 -370917.0924817117 0.28 0.19807560125880777 1 0 0 0.08899999999999997 0 0 0.7929999999999999 0.716 0 0.09800000000000003 0.22700000000000004 0.07984879748238449
 65 -378161.462478659 0.28 0.20085441598721102 0 0 0.563 0.08899999999999997 0 0 0.7929999999999999 0.716 0 0.09800000000000003 0.22700000000000004 0.074291168025578
 66 -374033.62198018027 0.36 0.26727104794023016 1 0 0.563 0.08899999999999997 0 0 0.7929999999999999 0.716 0 0.09800000000000003 0.22700000000000004 0.07745790411953968
 67 -383330.777000001 0.36 0.2708372754123517 0 0 0.10199999999999992 0 0 0 0.633 0.38 0 0 0.06700000000000006 0.0703254491752966
 68 -388528.2209999978 0.36 0.2728309248177974 0 0 0.10199999999999992 0 0 0 0.633 0.38 0 0 0.06700000000000006 0.06633815036440516
 69 -401982.6829999953 0.31999999999999995 0.24399182316839085 0 0 0.10199999999999992 0 0 0 0.633 0.38 0 0 0.06700000000000006 0.05601635366321822
 70 -414277.5004999983 0.33999999999999997 0.2657079019946291 0 0 0.10199999999999992 0 0 0 0.633 0.38 0 0 0.06700000000000006 0.04658419601074171
 71 -418477.4969999966 0.28 0.21631894783275665 0 0 0.10199999999999992 0 0 0 0.633 0.38 0 0 0.06700000000000006 0.04336210433448673
 72 -415388.0959999968 0.28 0.2151339071729945 0 0 0.10199999999999992 0 0 0 0.633 0.38 0 0 0.06700000000000006 0.04573218565401105
 73 -431844.3819999981 0.31999999999999995 0.2554462531645562 0 0 0.10199999999999992 0 0 0 0.633 0.38 0 0 0.06700000000000006 0.0331074936708875
 74 -446265.7959999982 0.31999999999999995 0.26097805753739867 0 0 0.10199999999999992 0 0 0 0.633 0.38 0 0 0.06700000000000006 0.022043884925202595
 75 -449412.34849999583 0.33999999999999997 0.2791850205216708 1 0 0.10199999999999992 0 0 0 0.633 0.38 0 0 0.06700000000000006 0.01962995895665831
 76 -445318.1079999956 0.43999999999999995 0.36261454085155176 0 0 0.3379999999999999 0 0.236 0 0.33899999999999997 0.0020000000000000018 0 0 0.30300000000000005 0.02277091829689637
 77 -438088.7284999956 0.30000000000000004 0.24084147621787327 0 0 0.3379999999999999 0 0.236 0 0.33899999999999997 0.0020000000000000018 0 0 0.30300000000000005 0.02831704756425346
 78 -449423.73399999586 0.4 0.33018938780206974 0 0 0.3379999999999999 0 0.236 0 0.33899999999999997 0.0020000000000000018 0 0 0.30300000000000005 0.01962122439586056
 79 -430896.5539999935 0.38 0.30608268277713596 1 1 0.3379999999999999 0 0.236 0 0.33899999999999997 0.0020000000000000018 0 0 0.30300000000000005 0.033834634445728096
 80 -412285.4859999971 0.4 0.3159437997698494 0 0 0.2149999999999999 0 0.26 0 1 0.623 0 0.35800000000000004 0.10400000000000004 0.0481124004603013
 81 -415376.0839999968 0.26 0.19812929957805794 1 1 0.2149999999999999 0 0.26 0 1 0.623 0 0.35800000000000004 0.10400000000000004 0.04574140084388412
 82 -412308.3689999971 0.24 0.1799525772919053 0 0 0.2709999999999999 0 0.08299999999999996 0.20899999999999996 0.8759999999999999 0.9249999999999999 0 0.181 0.436 0.04809484541618936
 83 -419447.08100000105 0.30000000000000004 0.23369086344457274 1 0 0.2709999999999999 0 0.08299999999999996 0.20899999999999996 0.8759999999999999 0.9249999999999999 0 0.181 0.436 0.04261827311085453
 84 -426640.92479049624 0.30000000000000004 0.2364502971962011 0 0 0.45599999999999996 0.43700000000000006 0.22199999999999998 0.348 1 1 0.139 0.6180000000000001 0.873 0.037099405607597835
 85 -429684.2692979816 0.4 0.32261767138395925 0 0 0.45599999999999996 0.43700000000000006 0.22199999999999998 0.348 1 1 0.139 0.6180000000000001 0.873 0.03476465723208155
 86 -416305.38632040337 0.31999999999999995 0.2494857638359813 0 0 0.45599999999999996 0.43700000000000006 0.22199999999999998 0.348 1 1 0.139 0.6180000000000001 0.873 0.045028472328037306
 87 -430796.83879799524 0.33999999999999997 0.27204443375450527 0 0 0.45599999999999996 0.43700000000000006 0.22199999999999998 0.348 1 1 0.139 0.6180000000000001 0.873 0.033911132490989426
 88 -584014.1057830207 0.28 0.23800000000000002 1 0 0.45599999999999996 0.43700000000000006 0.22199999999999998 0.348 1 1 0.139 0.6180000000000001 0.873 0
 89 -434016.88071498804 0.26 0.20527958600498195 0 0 0.5229999999999999 0.5740000000000001 0.20499999999999996 0.4149999999999999 0.983 1 0.20599999999999996 0.6010000000000001 1 0.03144082799003611
 90 -575171.2682444566 0.24 0.204 0 0 0.5229999999999999 0.5740000000000001 0.20499999999999996 0.4149999999999999 0.983 1 0.20599999999999996 0.6010000000000001 1 0
 91 -554698.1408034482 0.24 0.204 0 0 0.5229999999999999 0.5740000000000001 0.20499999999999996 0.4149999999999999 0.983 1 0.20599999999999996 0.6010000000000001 1 0
 92 -384480.3413526081 0.28 0.2032782283669383 0 0 0.5229999999999999 0.5740000000000001 0.20499999999999996 0.4149999999999999 0.983 1 0.20599999999999996 0.6010000000000001 1 0.06944354326612345
 93 -389838.8238329299 0.36 0.2733336493413617 0 0 0.5229999999999999 0.5740000000000001 0.20499999999999996 0.4149999999999999 0.983 1 0.20599999999999996 0.6010000000000001 1 0.06533270131727664
 94 -381514.87185256626 0.33999999999999997 0.2531407256818436 0 0 0.5229999999999999 0.5740000000000001 0.20499999999999996 0.4149999999999999 0.983 1 0.20599999999999996 0.6010000000000001 1 0.07171854863631277
 95 -390751.39633298776 0.31999999999999995 0.23968369633026 1 0 0.5229999999999999 0.5740000000000001 0.20499999999999996 0.4149999999999999 0.983 1 0.20599999999999996 0.6010000000000001 1 0.06463260733947995
 96 -541203.5653027107 0.28 0.23800000000000002 0 0 0.821 0.678 0.371 0.713 1 1 0.372 0.8990000000000001 1 0
 97 -393855.8717911102 0.33999999999999997 0.2578745192907979 0 0 0.821 0.678 0.371 0.713 1 1 0.372 0.8990000000000001 1 0.06225096141840414
 98 -551020.7607679283 0.36 0.306 0 0 0.821 0.678 0.371 0.713 1 1 0.372 0.8990000000000001 1 0
 99 -396404.49477941374 0.30000000000000004 0.22485212688124812 0 0 0.821 0.678 0.371 0.713 1 1 0.372 0.8990000000000001 1 0.06029574623750378
 100 -395938.10927948833 0.30000000000000004 0.22467322948963886 0 0 0.821 0.678 0.371 0.713 1 1 0.372 0.8990000000000001 1 0.06065354102072229
 101 -388457.41580269625 0.42000000000000004 0.32380376517172854 0 0 0.821 0.678 0.371 0.713 1 1 0.372 0.8990000000000001 1 0.066392469656543
 102 -389488.0748026765 0.31999999999999995 0.23919910809462075 0 0 0.821 0.678 0.371 0.713 1 1 0.372 0.8990000000000001 1 0.06560178381075843
 103 -398108.92476786656 0.33999999999999997 0.2595059166735199 0 0 0.821 0.678 0.371 0.713 1 1 0.372 0.8990000000000001 1 0.05898816665296014
 104 -400863.3197562249 0.42000000000000004 0.32856245483552926 1 1 0.821 0.678 0.371 0.713 1 1 0.372 0.8990000000000001 1 0.05687509032894156
 105 -384382.95378836675 0.36 0.2712408721857946 1 0 0.588 0.727 0.21999999999999997 0.23399999999999999 0.05699999999999994 0.21199999999999997 0.19599999999999995 0 0.02100000000000002 0.06951825562841074
 106 -406011.6868380156 0.36 0.2795372791860435 0 0 0.729 0.43 0.5469999999999999 0 0 0.353 0.33699999999999997 0.32699999999999996 0.348 0.05292544162791302
 107 -399844.72884537175 0.36 0.27717174102239034 1 0 0.729 0.43 0.5469999999999999 0 0 0.353 0.33699999999999997 0.32699999999999996 0.348 0.05765651795521931
 108 -394690.4048171264 0.4 0.3091946316904973 0 0 0.79 0.534 0.6509999999999999 0.22399999999999998 0.061000000000000054 0.45699999999999996 0.398 0.5509999999999999 0.572 0.0616107366190054
 109 -388553.39981711766 0.33999999999999997 0.25584058297549583 0 0 0.79 0.534 0.6509999999999999 0.22399999999999998 0.061000000000000054 0.45699999999999996 0.398 0.5509999999999999 0.572 0.06631883404900829
 110 -390629.01180798025 0.26 0.18863675174836222 0 0 0.79 0.534 0.6509999999999999 0.22399999999999998 0.061000000000000054 0.45699999999999996 0.398 0.5509999999999999 0.572 0.06472649650327555
 111 -384429.0943262648 0.30000000000000004 0.22025857089615064 0 0 0.79 0.534 0.6509999999999999 0.22399999999999998 0.061000000000000054 0.45699999999999996 0.398 0.5509999999999999 0.572 0.06948285820769873
 112 -389603.16880798497 0.36 0.27324325615956463 0 0 0.79 0.534 0.6509999999999999 0.22399999999999998 0.061000000000000054 0.45699999999999996 0.398 0.5509999999999999 0.572 0.06551348768087073
 113 -388543.15531714447 0.4 0.30683665336292465 0 0 0.79 0.534 0.6509999999999999 0.22399999999999998 0.061000000000000054 0.45699999999999996 0.398 0.5509999999999999 0.572 0.06632669327415075
 114 -385441.05982630275 0.31999999999999995 0.23764674331657182 0 0 0.79 0.534 0.6509999999999999 0.22399999999999998 0.061000000000000054 0.45699999999999996 0.398 0.5509999999999999 0.572 0.06870651336685629
 115 -384465.3928354781 0.36 0.2712724943749437 1 1 0.79 0.534 0.6509999999999999 0.22399999999999998 0.061000000000000054 0.45699999999999996 0.398 0.5509999999999999 0.572 0.06945501125011255
 116 -385479.2239830604 0.33999999999999997 0.25466138242541636 1 0 0.5289999999999999 0.05499999999999999 0 0.14900000000000002 0.66 0.16700000000000004 1 0.5800000000000001 0.879 0.06867723514916724
 117 -383445.02041372197 0.4 0.3048810972051101 0 0 0.578 0.27999999999999997 0.22499999999999998 0.19800000000000006 0.7090000000000001 0.392 0.9550000000000001 0.5350000000000001 0.8340000000000001 0.07023780558977988
 118 -367914.5299328752 0.31999999999999995 0.23092387032331219 0 0 0.578 0.27999999999999997 0.22499999999999998 0.19800000000000006 0.7090000000000001 0.392 0.9550000000000001 0.5350000000000001 0.8340000000000001 0.08215225935337556
 119 -374109.673423285 0.42000000000000004 0.3183002199552302 1 0 0.578 0.27999999999999997 0.22499999999999998 0.19800000000000006 0.7090000000000001 0.392 0.9550000000000001 0.5350000000000001 0.8340000000000001 0.07739956008953963
 120 -364822.1084178362 0.4 0.29773767104635074 0 0 0.6669999999999999 0.36899999999999994 0.14499999999999996 0.11800000000000005 0.8900000000000001 0.5730000000000001 0.875 0.6240000000000001 1 0.08452465790729857
 121 -364823.3194178326 0.38 0.2807381355649531 0 0 0.6669999999999999 0.36899999999999994 0.14499999999999996 0.11800000000000005 0.8900000000000001 0.5730000000000001 0.875 0.6240000000000001 1 0.08452372887009385
 122 -361722.448924154 0.42000000000000004 0.31354869540627317 1 0 0.6669999999999999 0.36899999999999994 0.14499999999999996 0.11800000000000005 0.8900000000000001 0.5730000000000001 0.875 0.6240000000000001 1 0.08690260918745374
 123 -516377.27087843465 0.31999999999999995 0.27199999999999996 1 0 0.836 0.546 0.5149999999999999 0.2950000000000001 1 0.7420000000000001 1 0.7930000000000001 1 0
 124 -361728.4619023639 0.31999999999999995 0.2285510018804618 0 0 0.581 0.47500000000000003 0.4439999999999999 0.14300000000000007 0.929 0.4870000000000001 0.745 0.6410000000000001 0.848 0.08689799623907635
 125 -531952.7468535915 0.33999999999999997 0.289 0 0 0.581 0.47500000000000003 0.4439999999999999 0.14300000000000007 0.929 0.4870000000000001 0.745 0.6410000000000001 0.848 0
 126 -851681.2468129045 0.36 0.306 1 0 0.581 0.47500000000000003 0.4439999999999999 0.14300000000000007 0.929 0.4870000000000001 0.745 0.6410000000000001 0.848 0
 127 -706321.1997255791 0.33999999999999997 0.289 1 0 1 0.641 0.3299999999999999 0.3090000000000001 0.8150000000000001 0.926 0.911 0.5270000000000001 1 0
 128 -1016638.007389028 0.26 0.221 0 0 1 0.24 0.06699999999999989 0.7650000000000001 1 0.525 0.648 0.2640000000000001 0.599 0
 129 -1181424.2793725955 0.31999999999999995 0.27199999999999996 0 0 1 0.24 0.06699999999999989 0.7650000000000001 1 0.525 0.648 0.2640000000000001 0.599 0
 130 -1471493.8738890106 0.26 0.221 0 0 1 0.24 0.06699999999999989 0.7650000000000001 1 0.525 0.648 0.2640000000000001 0.599 0
 131 -1007358.8914013368 0.28 0.23800000000000002 1 0 1 0.24 0.06699999999999989 0.7650000000000001 1 0.525 0.648 0.2640000000000001 0.599 0
 132 -838266.3417617986 0.36 0.306 0 0 0.906 0.732 0 0.6710000000000002 0.9490000000000001 0.47400000000000003 0.597 0.7560000000000001 1 0
 133 -547445.671711698 0.33999999999999997 0.289 0 0 0.906 0.732 0 0.6710000000000002 0.9490000000000001 0.47400000000000003 0.597 0.7560000000000001 1 0
 134 -544264.6582242084 0.26 0.221 0 0 0.906 0.732 0 0.6710000000000002 0.9490000000000001 0.47400000000000003 0.597 0.7560000000000001 1 0
 135 -553651.031686604 0.38 0.323 0 0 0.906 0.732 0 0.6710000000000002 0.9490000000000001 0.47400000000000003 0.597 0.7560000000000001 1 0
 136 -401992.2586866404 0.38 0.2949954962357655 1 0 0.906 0.732 0 0.6710000000000002 0.9490000000000001 0.47400000000000003 0.597 0.7560000000000001 1 0.056009007528469046
 137 -398889.5785890611 0.28 0.20880536194440405 0 0 0.748 1 0.488 0.6960000000000002 0.7910000000000001 0.962 0.439 0.7810000000000001 1 0.058389276111191935
 138 -388549.85065749375 0.26 0.18783922157939922 0 0 0.748 1 0.488 0.6960000000000002 0.7910000000000001 0.962 0.439 0.7810000000000001 1 0.06632155684120156
 139 -390593.08765752503 0.36 0.27362297186709816 1 1 0.748 1 0.488 0.6960000000000002 0.7910000000000001 0.962 0.439 0.7810000000000001 1 0.06475405626580366
 140 -404003.7192768833 0.33999999999999997 0.26176705764360686 1 0 0.769 0.5429999999999999 0.516 0.23900000000000016 0.8190000000000002 0.983 0.46 0.8090000000000002 0.5429999999999999 0.05446588471278624
 141 -412275.68591077236 0.36 0.28194004062553596 1 0 0.998 0.19299999999999995 0.525 0.24800000000000016 1 0.633 0.46900000000000003 1 0.19299999999999995 0.04811991874892807
 142 -399916.02038656926 0.31999999999999995 0.24319908722154548 0 0 1 0.2759999999999999 0.931 0.6540000000000001 0.524 0.15700000000000003 0.875 0.524 0.2759999999999999 0.05760182555690896
 143 -401984.43638184847 0.21999999999999997 0.15899249573526983 1 0 1 0.2759999999999999 0.931 0.6540000000000001 0.524 0.15700000000000003 0.875 0.524 0.2759999999999999 0.056015008529460286
 144 -556650.6999999938 0.21999999999999997 0.18699999999999997 1 0 1 0 0.8260000000000001 0.5490000000000002 0.41900000000000004 0.524 0.494 0.14300000000000002 0.6429999999999999 0
 145 -417471.3482652548 0.19999999999999996 0.14793300662265238 0 0 1 0.45699999999999996 1 0.8250000000000002 0.876 0.275 0.245 0.41900000000000004 0.3939999999999999 0.044133986754695154
 146 -408193.41528869583 0.31999999999999995 0.24637415239305555 0 0 1 0.45699999999999996 1 0.8250000000000002 0.876 0.275 0.245 0.41900000000000004 0.3939999999999999 0.05125169521388884
 147 -401994.0683043538 0.31999999999999995 0.2439961903737452 0 0 1 0.45699999999999996 1 0.8250000000000002 0.876 0.275 0.245 0.41900000000000004 0.3939999999999999 0.05600761925250952
 148 -405179.3132965295 0.31999999999999995 0.2452179951271689 0 0 1 0.45699999999999996 1 0.8250000000000002 0.876 0.275 0.245 0.41900000000000004 0.3939999999999999 0.05356400974566211
 149 -420576.4362574166 0.26 0.20012406454062778 0 0 1 0.45699999999999996 1 0.8250000000000002 0.876 0.275 0.245 0.41900000000000004 0.3939999999999999 0.04175187091874444
 150 -411273.8107809081 0.33999999999999997 0.2645557386961672 0 0 1 0.45699999999999996 1 0.8250000000000002 0.876 0.275 0.245 0.41900000000000004 0.3939999999999999 0.04888852260766552
 151 -423661.64774961973 0.31999999999999995 0.2523074981778365 0 0 1 0.45699999999999996 1 0.8250000000000002 0.876 0.275 0.245 0.41900000000000004 0.3939999999999999 0.039385003644326955
 152 -417477.97376524104 0.31999999999999995 0.24993554804957457 0 0 1 0.45699999999999996 1 0.8250000000000002 0.876 0.275 0.245 0.41900000000000004 0.3939999999999999 0.04412890390085078
 153 -411281.03478089435 0.28 0.2135585096973128 1 0 1 0.45699999999999996 1 0.8250000000000002 0.876 0.275 0.245 0.41900000000000004 0.3939999999999999 0.04888298060537444
 154 -408174.13721338875 0.31999999999999995 0.24636675765760974 1 1 1 0.62 1 0.9880000000000002 0.637 0.03600000000000003 0.613 0.18000000000000005 0.7619999999999999 0.051266484684780456
 155 -395794.1229999938 0.4 0.3096179988492497 0 0 0.34099999999999997 0 0.18100000000000005 0 0.629 0.897 0.18100000000000005 0 0.06300000000000006 0.0607640023015007
 156 -405082.8989999931 0.31999999999999995 0.24518101227464245 0 0 0.34099999999999997 0 0.18100000000000005 0 0.629 0.897 0.18100000000000005 0 0.06300000000000006 0.053637975450715025
 157 -411365.39549999253 0.26 0.1965908690065181 1 0 0.34099999999999997 0 0.18100000000000005 0 0.629 0.897 0.18100000000000005 0 0.06300000000000006 0.04881826198696382
 158 -408170.5184999928 0.30000000000000004 0.22936536958189213 0 0 0.517 0 0.3570000000000001 0 0.805 0.813 0.09700000000000003 0 0 0.051269260836215746
 159 -411271.98749999254 0.38 0.29855503931722005 0 0 0.517 0 0.3570000000000001 0 0.805 0.813 0.09700000000000003 0 0 0.04888992136555992
 160 -389592.3679999943 0.4 0.3072391131568832 0 0 0.517 0 0.3570000000000001 0 0.805 0.813 0.09700000000000003 0 0 0.06552177368623369
 161 -395787.4974999938 0.30000000000000004 0.22461545742232214 0 0 0.517 0 0.3570000000000001 0 0.805 0.813 0.09700000000000003 0 0 0.06076908515535573
 162 -395788.09599999373 0.31999999999999995 0.24161568699654534 1 1 0.517 0 0.3570000000000001 0 0.805 0.813 0.09700000000000003 0 0 0.06076862600690924
 163 -392695.6463519505 0.30000000000000004 0.22342947692825105 1 1 0.21599999999999997 0.39299999999999996 0 0.31100000000000005 0.3390000000000001 0 0.4830000000000001 0.16500000000000015 0.4640000000000001 0.06314104614349791
 164 -405082.88493232464 0.30000000000000004 0.22818100687852888 0 0 0.378 0.15200000000000002 0.02400000000000002 0.02400000000000002 0.7929999999999999 0.716 0 0.09800000000000003 0.22700000000000004 0.05363798624294225
 165 -392689.619442737 0.26 0.18942716511037103 1 1 0.378 0.15200000000000002 0.02400000000000002 0.02400000000000002 0.7929999999999999 0.716 0 0.09800000000000003 0.22700000000000004 0.06314566977925795
 166 -392682.39547438733 0.30000000000000004 0.22342439412136073 0 0 0.696 0.06799999999999995 0.34299999999999997 0 0.49700000000000005 0.51 0.6240000000000001 0.3230000000000001 0.5030000000000001 0.06315121175727856
 167 -395780.8579732231 0.31999999999999995 0.24161291061496853 0 0 0.696 0.06799999999999995 0.34299999999999997 0 0.49700000000000005 0.51 0.6240000000000001 0.3230000000000001 0.5030000000000001 0.06077417877006286
 168 -395785.0754732217 0.28 0.20761452837484531 0 0 0.696 0.06799999999999995 0.34299999999999997 0 0.49700000000000005 0.51 0.6240000000000001 0.3230000000000001 0.5030000000000001 0.060770943250309406
 169 -403004.2384708939 0.28 0.210383674135364 0 0 0.696 0.06799999999999995 0.34299999999999997 0 0.49700000000000005 0.51 0.6240000000000001 0.3230000000000001 0.5030000000000001 0.05523265172927205
 170 -411242.5909685692 0.42000000000000004 0.3325437633174413 0 0 0.696 0.06799999999999995 0.34299999999999997 0 0.49700000000000005 0.51 0.6240000000000001 0.3230000000000001 0.5030000000000001 0.048912473365117504
 171 -418468.9919662386 0.4 0.31831568544926686 0 0 0.696 0.06799999999999995 0.34299999999999997 0 0.49700000000000005 0.51 0.6240000000000001 0.3230000000000001 0.5030000000000001 0.04336862910146633
 172 -421568.6514650745 0.21999999999999997 0.1665046610913212 0 0 0.696 0.06799999999999995 0.34299999999999997 0 0.49700000000000005 0.51 0.6240000000000001 0.3230000000000001 0.5030000000000001 0.040990677817357546
 173 -421593.2179639084 0.38 0.3025140843743415 0 0 0.696 0.06799999999999995 0.34299999999999997 0 0.49700000000000005 0.51 0.6240000000000001 0.3230000000000001 0.5030000000000001 0.04097183125131698
 174 -420543.42096507386 0.30000000000000004 0.23411140044690204 0 0 0.696 0.06799999999999995 0.34299999999999997 0 0.49700000000000005 0.51 0.6240000000000001 0.3230000000000001 0.5030000000000001 0.04177719910619593
 175 -436025.51695925475 0.24 0.18905006404267535 1 1 0.696 0.06799999999999995 0.34299999999999997 0 0.49700000000000005 0.51 0.6240000000000001 0.3230000000000001 0.5030000000000001 0.029899871914649268
 176 -431910.25899999216 0.24 0.18747152243958273 0 0 0.5399999999999999 0 0 0 0.4460000000000001 0.20900000000000007 0.36 0.20900000000000007 0.025000000000000022 0.03305695512083451
 177 -426739.7614999932 0.28 0.21948820924433957 1 1 0.5399999999999999 0 0 0 0.4460000000000001 0.20900000000000007 0.36 0.20900000000000007 0.025000000000000022 0.0370235815113209
 178 -408241.15508779866 0.28 0.21239246455228186 0 0 0.395 0.926 0.41900000000000004 0.41900000000000004 1 0.291 0.22299999999999998 0.7980000000000002 0.784 0.05121507089543631
 179 -422612.44900855026 0.38 0.30290504373170324 0 0 0.395 0.926 0.41900000000000004 0.41900000000000004 1 0.291 0.22299999999999998 0.7980000000000002 0.784 0.04018991253659354
 180 -419497.841040231 0.31999999999999995 0.25071033411593047 1 0 0.395 0.926 0.41900000000000004 0.41900000000000004 1 0.291 0.22299999999999998 0.7980000000000002 0.784 0.042579331768138995
 181 -417421.0040469933 0.31999999999999995 0.2499136954533921 0 0 0.562 0.9450000000000001 0.43800000000000006 0.21300000000000002 1 0.08499999999999996 0.01699999999999996 0.9650000000000002 0.803 0.04417260909321574
 182 -417445.55653082253 0.36 0.28392311336049963 0 0 0.562 0.9450000000000001 0.43800000000000006 0.21300000000000002 1 0.08499999999999996 0.01699999999999996 0.9650000000000002 0.803 0.04415377327900072
 183 -394741.9036440414 0.30000000000000004 0.2242143857476186 0 0 0.562 0.9450000000000001 0.43800000000000006 0.21300000000000002 1 0.08499999999999996 0.01699999999999996 0.9650000000000002 0.803 0.06157122850476282
 184 -394735.2781440698 0.31999999999999995 0.24121184432070192 1 1 0.562 0.9450000000000001 0.43800000000000006 0.21300000000000002 1 0.08499999999999996 0.01699999999999996 0.9650000000000002 0.803 0.06157631135859609
 185 -415345.35049999686 0.30000000000000004 0.23211751074031334 0 0 0.138 0 0.124 0.02300000000000002 0.816 0.739 0.124 0 0.35100000000000003 0.045764978519373334
 186 -423610.7054999955 0.24 0.18428795761411412 0 0 0.138 0 0.124 0.02300000000000002 0.816 0.739 0.124 0 0.35100000000000003 0.03942408477177173
 187 -411261.88299999456 0.26 0.19655116340621195 0 0 0.138 0 0.124 0.02300000000000002 0.816 0.739 0.124 0 0.35100000000000003 0.048897673187576096
 188 -423608.32549999544 0.31999999999999995 0.2522870446873784 0 0 0.138 0 0.124 0.02300000000000002 0.816 0.739 0.124 0 0.35100000000000003 0.039425910625243143
 189 -432884.5329999967 0.30000000000000004 0.23884523705408395 1 1 0.138 0 0.124 0.02300000000000002 0.816 0.739 0.124 0 0.35100000000000003 0.032309525891832114
 190 -424621.613924034 0.28 0.2186757245585094 0 0 1 0.15299999999999997 0.6859999999999999 0.40900000000000003 0.92 0.589 0.21099999999999997 0.5589999999999999 0.10000000000000003 0.03864855088298125
 191 -426666.7024240337 0.24 0.185460185049495 1 0 1 0.15299999999999997 0.6859999999999999 0.40900000000000003 0.92 0.589 0.21099999999999997 0.5589999999999999 0.10000000000000003 0.03707962990100999
 192 -433907.9817885221 0.26 0.20523781426487228 1 1 1 0.38599999999999995 0.9189999999999999 0.01100000000000001 0.995 0.19099999999999995 0.44399999999999995 0.6339999999999999 0 0.03152437147025544
 193 -433914.5934999973 0.19999999999999996 0.15424035040276066 0 0 0.251 0 0.18800000000000006 0.18800000000000006 0.5159999999999999 0.02200000000000002 0.17299999999999993 0 0 0.0315192991944786
 194 -406030.8109999997 0.33999999999999997 0.2625446148830072 0 0 0.251 0 0.18800000000000006 0.18800000000000006 0.5159999999999999 0.02200000000000002 0.17299999999999993 0 0 0.052910770233985605
 195 -383345.0989999989 0.36 0.27084276908323707 0 0 0.251 0 0.18800000000000006 0.18800000000000006 0.5159999999999999 0.02200000000000002 0.17299999999999993 0 0 0.07031446183352585
 196 -380222.6545000012 0.45999999999999996 0.35464505350978176 0 0 0.251 0 0.18800000000000006 0.18800000000000006 0.5159999999999999 0.02200000000000002 0.17299999999999993 0 0 0.0727098929804364
 197 -400844.68250000075 0.4 0.31155530590717323 1 0 0.251 0 0.18800000000000006 0.18800000000000006 0.5159999999999999 0.02200000000000002 0.17299999999999993 0 0 0.05688938818565359
 198 -380244.2004487813 0.19999999999999996 0.1336533181621715 0 0 0.43800000000000006 0.18700000000000006 0.17600000000000005 0.17600000000000005 0.3359999999999999 0 0.16099999999999992 0 0.18700000000000006 0.07269336367565693
 199 -392641.07093597145 0.33999999999999997 0.2574085427449066 0 0 0.43800000000000006 0.18700000000000006 0.17600000000000005 0.17600000000000005 0.3359999999999999 0 0.16099999999999992 0 0.18700000000000006 0.06318291451018676
 200 -390563.66343917174 0.28 0.2056116852470932 0 0 0.43800000000000006 0.18700000000000006 0.17600000000000005 0.17600000000000005 0.3359999999999999 0 0.16099999999999992 0 0.18700000000000006 0.06477662950581364
 201 -383370.86244237074 0.18000000000000005 0.11785265149304597 0 0 0.43800000000000006 0.18700000000000006 0.17600000000000005 0.17600000000000005 0.3359999999999999 0 0.16099999999999992 0 0.18700000000000006 0.07029469701390811
 202 -399877.60442636744 0.31999999999999995 0.24318435152526557 0 0 0.43800000000000006 0.18700000000000006 0.17600000000000005 0.17600000000000005 0.3359999999999999 0 0.16099999999999992 0 0.18700000000000006 0.05763129694946878
 203 -407168.5874231647 0.24 0.17798104619223806 0 0 0.43800000000000006 0.18700000000000006 0.17600000000000005 0.17600000000000005 0.3359999999999999 0 0.16099999999999992 0 0.18700000000000006 0.05203790761552385
 204 -413227.2029231685 0.31999999999999995 0.24830502605414972 0 0 0.43800000000000006 0.18700000000000006 0.17600000000000005 0.17600000000000005 0.3359999999999999 0 0.16099999999999992 0 0.18700000000000006 0.04738994789170048
 205 -389515.0494423765 0.33999999999999997 0.2562094550987251 0 0 0.43800000000000006 0.18700000000000006 0.17600000000000005 0.17600000000000005 0.3359999999999999 0 0.16099999999999992 0 0.18700000000000006 0.06558108980254973
 206 -369991.2269615831 0.38 0.28272045529788375 1 0 0.43800000000000006 0.18700000000000006 0.17600000000000005 0.17600000000000005 0.3359999999999999 0 0.16099999999999992 0 0.18700000000000006 0.08055908940423251
 207 -371982.47848976345 0.38 0.28348426485990164 0 0 0 0.04600000000000004 0.13700000000000007 0 0.1949999999999999 0 0.12199999999999994 0 0 0.07903147028019675
 208 -365785.5394913392 0.24 0.16210722650223977 1 0 0 0.04600000000000004 0.13700000000000007 0 0.1949999999999999 0 0.12199999999999994 0 0 0.08378554699552043
 209 -368883.40349198796 0.31999999999999995 0.2312955134223198 1 0 0.07399999999999995 0.039000000000000035 0.21100000000000002 0 0.1879999999999999 0 0 0 0.07399999999999995 0.08140897315536033
 210 -382270.1228746764 0.28 0.20243042687943089 0 0 0 0.488 0.0010000000000000009 0 0 0 0.44899999999999995 0.44899999999999995 0 0.07113914624113826
 211 -387440.6063579707 0.42000000000000004 0.32341373469810925 1 1 0 0.488 0.0010000000000000009 0 0 0 0.44899999999999995 0.44899999999999995 0 0.06717253060378159
 212 -393637.5454381983 0.4 0.3087907730871493 0 0 0.85 0.19000000000000006 0 0 0 0 0.6679999999999999 0 0.493 0.062418453825701437
 213 -380269.99194469996 0.4 0.3036632113328347 0 0 0.85 0.19000000000000006 0 0 0 0 0.6679999999999999 0 0.493 0.07267357733433066
 214 -369927.79995771305 0.45999999999999996 0.35069612579889253 0 0 0.85 0.19000000000000006 0 0 0 0 0.6679999999999999 0 0.493 0.08060774840221485
 215 -382294.090947956 0.48 0.372439620616784 1 0 0.85 0.19000000000000006 0 0 0 0 0.6679999999999999 0 0.493 0.07112075876643198
 216 -371067.3998367541 0.38 0.2831332565541826 1 0 1 0.681 0.394 0 0 0.394 1 0.394 0.311 0.07973348689163484
 217 -358613.12938246876 0.4 0.2953560143392669 0 0 1 0.6240000000000001 0.05400000000000005 0 0 0.337 0.66 0.613 0.53 0.08928797132146626
 218 -349318.93891451764 0.33999999999999997 0.24079092401784336 0 0 1 0.6240000000000001 0.05400000000000005 0 0 0.337 0.66 0.613 0.53 0.09641815196431325
 219 -359634.75488247565 0.48 0.3637478921681916 0 0 1 0.6240000000000001 0.05400000000000005 0 0 0.337 0.66 0.613 0.53 0.08850421566361677
 220 -346225.89092518814 0.45999999999999996 0.3416044844362056 0 0 1 0.6240000000000001 0.05400000000000005 0 0 0.337 0.66 0.613 0.53 0.09879103112758869
 221 -352419.21090382844 0.4 0.29298013460062466 0 0 1 0.6240000000000001 0.05400000000000005 0 0 0.337 0.66 0.613 0.53 0.09403973079875072
 222 -337940.6734572813 0.38 0.27042641866408945 1 1 1 0.6240000000000001 0.05400000000000005 0 0 0.337 0.66 0.613 0.53 0.10514716267182111
 223 -335865.63200000033 0.4 0.2866304687380131 1 1 0.4149999999999999 0 0.35500000000000004 0 0.3319999999999999 0 0 0 0.21799999999999997 0.1067390625239738
 224 -331745.5439810085 0.42000000000000004 0.30205007440775167 0 0 1 0.5550000000000002 0 0.236 1 0.952 0.395 0.49300000000000005 0.15800000000000003 0.10989985118449674
 225 -328647.6799905101 0.36 0.249861787491565 0 0 1 0.5550000000000002 0 0.236 1 0.952 0.395 0.49300000000000005 0.15800000000000003 0.11227642501686996
 226 -336875.815971547 0.36 0.2530179577949931 0 0 1 0.5550000000000002 0 0.236 1 0.952 0.395 0.49300000000000005 0.15800000000000003 0.10596408441001381
 227 -340993.4959620571 0.33999999999999997 0.23759742844727932 1 1 1 0.5550000000000002 0 0.236 1 0.952 0.395 0.49300000000000005 0.15800000000000003 0.10280514310544131
 228 -332760.54400000063 0.33999999999999997 0.2344394108170313 0 0 0 0 0 0 0 0 0.37699999999999995 0.255 0.44200000000000006 0.10912117836593738
 229 -340998.3120000012 0.33999999999999997 0.23759927579593448 0 0 0 0 0 0 0 0 0.37699999999999995 0.255 0.44200000000000006 0.10280144840813099
 230 -340998.3120000013 0.4 0.28859927579593453 0 0 0 0 0 0 0 0 0.37699999999999995 0.255 0.44200000000000006 0.10280144840813099
 231 -332765.36000000057 0.43999999999999995 0.3194412581511317 0 0 0 0 0 0 0 0 0.37699999999999995 0.255 0.44200000000000006 0.10911748369773644
 232 -328645.27200000035 0.33999999999999997 0.23286086382815507 0 0 0 0 0 0 0 0 0.37699999999999995 0.255 0.44200000000000006 0.11227827234368981
 233 -324530 0.36 0.24828231683927887 0 0 0 0 0 0 0 0 0.37699999999999995 0.255 0.44200000000000006 0.11543536632144225
 234 -324530 0.36 0.24828231683927887 0 0 0 0 0 0 0 0 0.37699999999999995 0.255 0.44200000000000006 0.11543536632144225
 235 -324530 0.28 0.1802823168392789 0 0 0 0 0 0 0 0 0.37699999999999995 0.255 0.44200000000000006 0.11543536632144225
 236 -324530 0.33999999999999997 0.23128231683927886 0 0 0 0 0 0 0 0 0.37699999999999995 0.255 0.44200000000000006 0.11543536632144225
 237 -324530 0.4 0.2822823168392789 0 0 0 0 0 0 0 0 0.37699999999999995 0.255 0.44200000000000006 0.11543536632144225
 238 -324530 0.42000000000000004 0.2992823168392789 1 1 0 0 0 0 0 0 0.37699999999999995 0.255 0.44200000000000006 0.11543536632144225
 239 -324532.40799999953 0.36 0.24828324050632894 0 0 0.576 0.049000000000000044 0.513 0.049000000000000044 0.6709999999999999 0.17700000000000005 0.31199999999999994 0.625 0.17700000000000005 0.11543351898734211
 240 -324530 0.38 0.2652823168392789 0 0 0.576 0.049000000000000044 0.513 0.049000000000000044 0.6709999999999999 0.17700000000000005 0.31199999999999994 0.625 0.17700000000000005 0.11543536632144225
 241 -324530 0.28 0.1802823168392789 0 0 0.576 0.049000000000000044 0.513 0.049000000000000044 0.6709999999999999 0.17700000000000005 0.31199999999999994 0.625 0.17700000000000005 0.11543536632144225
 242 -324530 0.26 0.16328231683927888 0 0 0.576 0.049000000000000044 0.513 0.049000000000000044 0.6709999999999999 0.17700000000000005 0.31199999999999994 0.625 0.17700000000000005 0.11543536632144225
 243 -324530 0.30000000000000004 0.19728231683927888 0 0 0.576 0.049000000000000044 0.513 0.049000000000000044 0.6709999999999999 0.17700000000000005 0.31199999999999994 0.625 0.17700000000000005 0.11543536632144225
 244 -324530 0.26 0.16328231683927888 0 0 0.576 0.049000000000000044 0.513 0.049000000000000044 0.6709999999999999 0.17700000000000005 0.31199999999999994 0.625 0.17700000000000005 0.11543536632144225
 245 -328645.2719991628 0.28 0.18186086382783387 0 0 0.576 0.049000000000000044 0.513 0.049000000000000044 0.6709999999999999 0.17700000000000005 0.31199999999999994 0.625 0.17700000000000005 0.1122782723443323
 246 -324530 0.28 0.1802823168392789 0 0 0.576 0.049000000000000044 0.513 0.049000000000000044 0.6709999999999999 0.17700000000000005 0.31199999999999994 0.625 0.17700000000000005 0.11543536632144225
 247 -324530 0.38 0.2652823168392789 1 1 0.576 0.049000000000000044 0.513 0.049000000000000044 0.6709999999999999 0.17700000000000005 0.31199999999999994 0.625 0.17700000000000005 0.11543536632144225
 248 -324530 0.38 0.2652823168392789 0 0 0.15000000000000002 0 0 0 0.04299999999999987 0.15000000000000002 0.27199999999999996 0 0 0.11543536632144225
 249 -324530 0.36 0.24828231683927887 0 0 0.15000000000000002 0 0 0 0.04299999999999987 0.15000000000000002 0.27199999999999996 0 0 0.11543536632144225
 250 -324530 0.36 0.24828231683927887 0 0 0.15000000000000002 0 0 0 0.04299999999999987 0.15000000000000002 0.27199999999999996 0 0 0.11543536632144225
 251 -324530 0.30000000000000004 0.19728231683927888 0 0 0.15000000000000002 0 0 0 0.04299999999999987 0.15000000000000002 0.27199999999999996 0 0 0.11543536632144225
 252 -324530 0.30000000000000004 0.19728231683927888 0 0 0.15000000000000002 0 0 0 0.04299999999999987 0.15000000000000002 0.27199999999999996 0 0 0.11543536632144225
 253 -324530 0.21999999999999997 0.12928231683927885 0 0 0.15000000000000002 0 0 0 0.04299999999999987 0.15000000000000002 0.27199999999999996 0 0 0.11543536632144225
 254 -324530 0.38 0.2652823168392789 0 0 0.15000000000000002 0 0 0 0.04299999999999987 0.15000000000000002 0.27199999999999996 0 0 0.11543536632144225
 255 -324530 0.28 0.1802823168392789 0 0 0.15000000000000002 0 0 0 0.04299999999999987 0.15000000000000002 0.27199999999999996 0 0 0.11543536632144225
 256 -328652.49600000033 0.30000000000000004 0.1988636348293058 0 0 0.15000000000000002 0 0 0 0.04299999999999987 0.15000000000000002 0.27199999999999996 0 0 0.1122727303413884
 257 -332770.1760000006 0.24 0.1494431054852323 0 0 0.15000000000000002 0 0 0 0.04299999999999987 0.15000000000000002 0.27199999999999996 0 0 0.10911378902953539
 258 -328652.49600000033 0.36 0.2498636348293058 0 0 0.15000000000000002 0 0 0 0.04299999999999987 0.15000000000000002 0.27199999999999996 0 0 0.1122727303413884
 259 -328652.49600000033 0.36 0.2498636348293058 0 0 0.15000000000000002 0 0 0 0.04299999999999987 0.15000000000000002 0.27199999999999996 0 0 0.1122727303413884
 260 -328652.49600000033 0.38 0.2668636348293058 1 0 0.15000000000000002 0 0 0 0.04299999999999987 0.15000000000000002 0.27199999999999996 0 0 0.1122727303413884
 261 -328652.49599481263 0.31999999999999995 0.21586363482731585 0 0 0 0.30300000000000005 0 0 0 0 0.575 0.30300000000000005 0 0.11227273034536822
 262 -328652.49599481263 0.28 0.1818636348273159 0 0 0 0.30300000000000005 0 0 0 0 0.575 0.30300000000000005 0 0.11227273034536822
 263 -328652.49599481263 0.26 0.1648636348273159 0 0 0 0.30300000000000005 0 0 0 0 0.575 0.30300000000000005 0 0.11227273034536822
 264 -331748.5504896277 0.19999999999999996 0.1150512276523313 0 0 0 0.30300000000000005 0 0 0 0 0.575 0.30300000000000005 0 0.1098975446953373
 265 -331746.7409896307 0.21999999999999997 0.13205053355950538 0 0 0 0.30300000000000005 0 0 0 0 0.575 0.30300000000000005 0 0.10989893288098918
 266 -327626.05449481506 0.30000000000000004 0.19846990966429418 0 0 0 0.30300000000000005 0 0 0 0 0.575 0.30300000000000005 0 0.11306018067141166
 267 -327626.05449481506 0.36 0.24946990966429416 0 0 0 0.30300000000000005 0 0 0 0 0.575 0.30300000000000005 0 0.11306018067141166
 268 -330722.1089896301 0.26 0.16565750248930958 0 0 0 0.30300000000000005 0 0 0 0 0.575 0.30300000000000005 0 0.11068499502138085
 269 -327626.05449481506 0.36 0.24946990966429416 0 0 0 0.30300000000000005 0 0 0 0 0.575 0.30300000000000005 0 0.11306018067141166
 270 -327626.05449481506 0.4 0.2834699096642942 0 0 0 0.30300000000000005 0 0 0 0 0.575 0.30300000000000005 0 0.11306018067141166
 271 -324530 0.4 0.2822823168392789 0 0 0 0.30300000000000005 0 0 0 0 0.575 0.30300000000000005 0 0.11543536632144225
 272 -324530 0.48 0.35028231683927885 1 0 0 0.30300000000000005 0 0 0 0 0.575 0.30300000000000005 0 0.11543536632144225
 273 -324530 0.38 0.2652823168392789 0 0 0 0.30300000000000005 0 0 0 0 0.07299999999999995 0.30300000000000005 0 0.11543536632144225
 274 -324530 0.43999999999999995 0.3162823168392788 1 1 0 0.30300000000000005 0 0 0 0 0.07299999999999995 0.30300000000000005 0 0.11543536632144225
 275 -324530 0.31999999999999995 0.21428231683927884 0 0 0 0 0 0 0 0.33100000000000007 0.453 0 0.18100000000000005 0.11543536632144225
 276 -324530 0.31999999999999995 0.21428231683927884 0 0 0 0 0 0 0 0.33100000000000007 0.453 0 0.18100000000000005 0.11543536632144225
 277 -324530 0.26 0.16328231683927888 1 1 0 0 0 0 0 0.33100000000000007 0.453 0 0.18100000000000005 0.11543536632144225
 278 -324530 0.31999999999999995 0.21428231683927884 1 1 0.368 0.031000000000000028 0 0 0.031000000000000028 0.7050000000000001 0.6910000000000001 0.981 0.453 0.11543536632144225
 279 -324530 0.4 0.2822823168392789 0 0 0.502 0.14800000000000002 0.352 0.352 0.1909999999999999 0.10000000000000003 0.22199999999999998 0 0.14800000000000002 0.11543536632144225
 280 -324530 0.38 0.2652823168392789 0 0 0.502 0.14800000000000002 0.352 0.352 0.1909999999999999 0.10000000000000003 0.22199999999999998 0 0.14800000000000002 0.11543536632144225
 281 -324532.40799999854 0.45999999999999996 0.33328324050632846 1 0 0.502 0.14800000000000002 0.352 0.352 0.1909999999999999 0.10000000000000003 0.22199999999999998 0 0.14800000000000002 0.115433518987343
 282 -328651.8975000003 0.38 0.2668634052550826 0 0 0.15600000000000003 0 0.023999999999999966 0.023999999999999966 0 0 0 0 0 0.11227318948983478
 283 -332774.9920000006 0.4 0.2854449528193328 0 0 0.15600000000000003 0 0.023999999999999966 0.023999999999999966 0 0 0 0 0 0.10911009436133445
 284 -328652.49600000033 0.33999999999999997 0.23286363482930578 0 0 0.15600000000000003 0 0.023999999999999966 0.023999999999999966 0 0 0 0 0 0.1122727303413884
 285 -332772.5840000006 0.33999999999999997 0.23444402915228257 0 0 0.15600000000000003 0 0.023999999999999966 0.023999999999999966 0 0 0 0 0 0.10911194169543481
 286 -324530 0.36 0.24828231683927887 1 1 0.15600000000000003 0 0.023999999999999966 0.023999999999999966 0 0 0 0 0 0.11543536632144225
 287 -324530 0.31999999999999995 0.21428231683927884 0 0 0.552 0.396 0.07800000000000001 0.07800000000000001 0.396 0.062000000000000055 0.637 0.3650000000000001 0.05400000000000005 0.11543536632144225
 288 -324530 0.4 0.2822823168392789 0 0 0.552 0.396 0.07800000000000001 0.07800000000000001 0.396 0.062000000000000055 0.637 0.3650000000000001 0.05400000000000005 0.11543536632144225
 289 -324530 0.31999999999999995 0.21428231683927884 0 0 0.552 0.396 0.07800000000000001 0.07800000000000001 0.396 0.062000000000000055 0.637 0.3650000000000001 0.05400000000000005 0.11543536632144225
 290 -324530 0.33999999999999997 0.23128231683927886 0 0 0.552 0.396 0.07800000000000001 0.07800000000000001 0.396 0.062000000000000055 0.637 0.3650000000000001 0.05400000000000005 0.11543536632144225
 291 -324530 0.31999999999999995 0.21428231683927884 0 0 0.552 0.396 0.07800000000000001 0.07800000000000001 0.396 0.062000000000000055 0.637 0.3650000000000001 0.05400000000000005 0.11543536632144225
 292 -324530 0.33999999999999997 0.23128231683927886 0 0 0.552 0.396 0.07800000000000001 0.07800000000000001 0.396 0.062000000000000055 0.637 0.3650000000000001 0.05400000000000005 0.11543536632144225
 293 -324530 0.38 0.2652823168392789 0 0 0.552 0.396 0.07800000000000001 0.07800000000000001 0.396 0.062000000000000055 0.637 0.3650000000000001 0.05400000000000005 0.11543536632144225
 294 -324530 0.33999999999999997 0.23128231683927886 1 1 0.552 0.396 0.07800000000000001 0.07800000000000001 0.396 0.062000000000000055 0.637 0.3650000000000001 0.05400000000000005 0.11543536632144225
 295 -324530 0.38 0.2652823168392789 0 0 0.249 0.552 0.03500000000000003 0.03500000000000003 0.45699999999999996 0.45699999999999996 0.307 0.249 0.45699999999999996 0.11543536632144225
 296 -324530 0.28 0.1802823168392789 0 0 0.249 0.552 0.03500000000000003 0.03500000000000003 0.45699999999999996 0.45699999999999996 0.307 0.249 0.45699999999999996 0.11543536632144225
 297 -324530 0.48 0.35028231683927885 0 0 0.249 0.552 0.03500000000000003 0.03500000000000003 0.45699999999999996 0.45699999999999996 0.307 0.249 0.45699999999999996 0.11543536632144225
 298 -324530 0.38 0.2652823168392789 0 0 0.249 0.552 0.03500000000000003 0.03500000000000003 0.45699999999999996 0.45699999999999996 0.307 0.249 0.45699999999999996 0.11543536632144225
 299 -324530 0.38 0.2652823168392789 0 0 0.249 0.552 0.03500000000000003 0.03500000000000003 0.45699999999999996 0.45699999999999996 0.307 0.249 0.45699999999999996 0.11543536632144225
 300 -328650.08799055533 0.33999999999999997 0.23286271115863266 0 0 0.249 0.552 0.03500000000000003 0.03500000000000003 0.45699999999999996 0.45699999999999996 0.307 0.249 0.45699999999999996 0.11227457768273463
 301 -332765.3599811216 0.36 0.2514412581438902 0 0 0.249 0.552 0.03500000000000003 0.03500000000000003 0.45699999999999996 0.45699999999999996 0.307 0.249 0.45699999999999996 0.10911748371221963
 302 -332765.35998112167 0.31999999999999995 0.21744125814389015 0 0 0.249 0.552 0.03500000000000003 0.03500000000000003 0.45699999999999996 0.45699999999999996 0.307 0.249 0.45699999999999996 0.10911748371221963
 303 -332767.76798111614 0.30000000000000004 0.2004421818109383 0 0 0.249 0.552 0.03500000000000003 0.03500000000000003 0.45699999999999996 0.45699999999999996 0.307 0.249 0.45699999999999996 0.10911563637812338
 304 -332765.35998112167 0.21999999999999997 0.13244125814389016 0 0 0.249 0.552 0.03500000000000003 0.03500000000000003 0.45699999999999996 0.45699999999999996 0.307 0.249 0.45699999999999996 0.10911748371221963
 305 -332774.9919810996 0.33999999999999997 0.23444495281208266 1 1 0.249 0.552 0.03500000000000003 0.03500000000000003 0.45699999999999996 0.45699999999999996 0.307 0.249 0.45699999999999996 0.10911009437583463
 306 -332767.7680000006 0.33999999999999997 0.23444218181818205 1 0 0.29800000000000004 0 0 0 0 0.07800000000000001 0.42 0 0.14800000000000002 0.10911563636363586
 307 -332777.4000000006 0.30000000000000004 0.20044587648638307 0 0 0.29800000000000004 0 0.42100000000000004 0 0 0.07800000000000001 0.42 0 0.14800000000000002 0.10910824702723387
 308 -324530 0.33999999999999997 0.23128231683927886 0 0 0.29800000000000004 0 0.42100000000000004 0 0 0.07800000000000001 0.42 0 0.14800000000000002 0.11543536632144225
 309 -324530 0.31999999999999995 0.21428231683927884 0 0 0.29800000000000004 0 0.42100000000000004 0 0 0.07800000000000001 0.42 0 0.14800000000000002 0.11543536632144225
 310 -324530 0.36 0.24828231683927887 1 1 0.29800000000000004 0 0.42100000000000004 0 0 0.07800000000000001 0.42 0 0.14800000000000002 0.11543536632144225
 311 -324530 0.33999999999999997 0.23128231683927886 0 0 0.508 0.273 0.297 0.31699999999999995 0.348 0.9780000000000001 1 1 0.8049999999999999 0.11543536632144225
 312 -324530 0.26 0.16328231683927888 0 0 0.508 0.273 0.297 0.31699999999999995 0.348 0.9780000000000001 1 1 0.8049999999999999 0.11543536632144225
 313 -324530 0.18000000000000005 0.0952823168392789 0 0 0.508 0.273 0.297 0.31699999999999995 0.348 0.9780000000000001 1 1 0.8049999999999999 0.11543536632144225
 314 -324530 0.26 0.16328231683927888 1 0 0.508 0.273 0.297 0.31699999999999995 0.348 0.9780000000000001 1 1 0.8049999999999999 0.11543536632144225
 315 -324530 0.26 0.16328231683927888 0 0 0.901 0.654 0.69 0.71 0.476 1 1 1 1 0.11543536632144225
 316 -324530 0.33999999999999997 0.23128231683927886 0 0 0.901 0.654 0.69 0.71 0.476 1 1 1 1 0.11543536632144225
 317 -324530 0.36 0.24828231683927887 0 0 0.901 0.654 0.69 0.71 0.476 1 1 1 1 0.11543536632144225
 318 -324530 0.30000000000000004 0.19728231683927888 0 0 0.901 0.654 0.69 0.71 0.476 1 1 1 1 0.11543536632144225
 319 -324530 0.28 0.1802823168392789 0 0 0.901 0.654 0.69 0.71 0.476 1 1 1 1 0.11543536632144225
 320 -324530 0.24 0.14628231683927886 0 0 0.901 0.654 0.69 0.71 0.476 1 1 1 1 0.11543536632144225
 321 -324530 0.28 0.1802823168392789 0 0 0.901 0.654 0.69 0.71 0.476 1 1 1 1 0.11543536632144225
 322 -324530 0.24 0.14628231683927886 0 0 0.901 0.654 0.69 0.71 0.476 1 1 1 1 0.11543536632144225
 323 -324530 0.33999999999999997 0.23128231683927886 0 0 0.901 0.654 0.69 0.71 0.476 1 1 1 1 0.11543536632144225
 324 -324530 0.38 0.2652823168392789 0 0 0.901 0.654 0.69 0.71 0.476 1 1 1 1 0.11543536632144225
 325 -324530 0.36 0.24828231683927887 0 0 0.901 0.654 0.69 0.71 0.476 1 1 1 1 0.11543536632144225
 326 -324530 0.30000000000000004 0.19728231683927888 0 0 0.901 0.654 0.69 0.71 0.476 1 1 1 1 0.11543536632144225
 327 -324530 0.36 0.24828231683927887 1 1 0.901 0.654 0.69 0.71 0.476 1 1 1 1 0.11543536632144225
 328 -324530 0.33999999999999997 0.23128231683927886 1 0 0 0 0 0 0 0 0.14899999999999997 0 0.21400000000000008 0.11543536632144225
 329 -324530 0.45999999999999996 0.33328231683927884 0 0 0.5660000000000001 0 0 0 0 0 0.14899999999999997 0 0.21400000000000008 0.11543536632144225
 330 -324530 0.38 0.2652823168392789 0 0 0.5660000000000001 0 0 0 0 0 0.14899999999999997 0 0.21400000000000008 0.11543536632144225
 331 -324530 0.4 0.2822823168392789 0 0 0.5660000000000001 0 0 0 0 0 0.14899999999999997 0 0.21400000000000008 0.11543536632144225
 332 -324530 0.21999999999999997 0.12928231683927885 0 0 0.5660000000000001 0 0 0 0 0 0.14899999999999997 0 0.21400000000000008 0.11543536632144225
 333 -324530 0.21999999999999997 0.12928231683927885 0 0 0.5660000000000001 0 0 0 0 0 0.14899999999999997 0 0.21400000000000008 0.11543536632144225
 334 -324530 0.24 0.14628231683927886 0 0 0.5660000000000001 0 0 0 0 0 0.14899999999999997 0 0.21400000000000008 0.11543536632144225
 335 -324530 0.26 0.16328231683927888 0 0 0.5660000000000001 0 0 0 0 0 0.14899999999999997 0 0.21400000000000008 0.11543536632144225
 336 -324530 0.28 0.1802823168392789 1 0 0.5660000000000001 0 0 0 0 0 0.14899999999999997 0 0.21400000000000008 0.11543536632144225
 337 -324530 0.30000000000000004 0.19728231683927888 0 0 0.5660000000000001 0 0 0 0 0.4770000000000001 0.14899999999999997 0 0.21400000000000008 0.11543536632144225
 338 -324530 0.33999999999999997 0.23128231683927886 0 0 0.5660000000000001 0 0 0 0 0.4770000000000001 0.14899999999999997 0 0.21400000000000008 0.11543536632144225
 339 -324530 0.26 0.16328231683927888 0 0 0.5660000000000001 0 0 0 0 0.4770000000000001 0.14899999999999997 0 0.21400000000000008 0.11543536632144225
 340 -324530 0.21999999999999997 0.12928231683927885 0 0 0.5660000000000001 0 0 0 0 0.4770000000000001 0.14899999999999997 0 0.21400000000000008 0.11543536632144225
 341 -324530 0.24 0.14628231683927886 1 0 0.5660000000000001 0 0 0 0 0.4770000000000001 0.14899999999999997 0 0.21400000000000008 0.11543536632144225
 342 -324530 0.28 0.1802823168392789 0 0 0.9560000000000001 0.391 0.391 0.35 0.391 0.8670000000000001 0.49899999999999994 0.35 0.6040000000000001 0.11543536632144225
 343 -324530 0.18000000000000005 0.0952823168392789 0 0 0.9560000000000001 0.391 0.391 0.35 0.391 0.8670000000000001 0.49899999999999994 0.35 0.6040000000000001 0.11543536632144225
 344 -324530 0.31999999999999995 0.21428231683927884 0 0 0.9560000000000001 0.391 0.391 0.35 0.391 0.8670000000000001 0.49899999999999994 0.35 0.6040000000000001 0.11543536632144225
 345 -324530 0.26 0.16328231683927888 0 0 0.9560000000000001 0.391 0.391 0.35 0.391 0.8670000000000001 0.49899999999999994 0.35 0.6040000000000001 0.11543536632144225
 346 -324530 0.33999999999999997 0.23128231683927886 0 0 0.9560000000000001 0.391 0.391 0.35 0.391 0.8670000000000001 0.49899999999999994 0.35 0.6040000000000001 0.11543536632144225
 347 -324530 0.24 0.14628231683927886 1 1 0.9560000000000001 0.391 0.391 0.35 0.391 0.8670000000000001 0.49899999999999994 0.35 0.6040000000000001 0.11543536632144225
 348 -324530 0.26 0.16328231683927888 0 0 0.15600000000000003 0.273 0.07100000000000001 0.31699999999999995 0.348 0.9780000000000001 1 1 0.8049999999999999 0.11543536632144225
 349 -324530 0.38 0.2652823168392789 0 0 0.15600000000000003 0.273 0.07100000000000001 0.31699999999999995 0.348 0.9780000000000001 1 1 0.8049999999999999 0.11543536632144225
 350 -324530 0.33999999999999997 0.23128231683927886 0 0 0.15600000000000003 0.273 0.07100000000000001 0.31699999999999995 0.348 0.9780000000000001 1 1 0.8049999999999999 0.11543536632144225
 351 -324530 0.26 0.16328231683927888 0 0 0.15600000000000003 0.273 0.07100000000000001 0.31699999999999995 0.348 0.9780000000000001 1 1 0.8049999999999999 0.11543536632144225
 352 -324530 0.36 0.24828231683927887 0 0 0.15600000000000003 0.273 0.07100000000000001 0.31699999999999995 0.348 0.9780000000000001 1 1 0.8049999999999999 0.11543536632144225
 353 -324530 0.33999999999999997 0.23128231683927886 1 1 0.15600000000000003 0.273 0.07100000000000001 0.31699999999999995 0.348 0.9780000000000001 1 1 0.8049999999999999 0.11543536632144225
 354 -324530 0.4 0.2822823168392789 0 0 0.42900000000000005 0 0.6080000000000001 0.18700000000000006 0.131 0 0.5509999999999999 0 0.3350000000000001 0.11543536632144225
 355 -324530 0.26 0.16328231683927888 0 0 0.42900000000000005 0 0.6080000000000001 0.18700000000000006 0.131 0 0.5509999999999999 0 0.3350000000000001 0.11543536632144225
 356 -324530 0.26 0.16328231683927888 0 0 0.42900000000000005 0 0.6080000000000001 0.18700000000000006 0.131 0 0.5509999999999999 0 0.3350000000000001 0.11543536632144225
 357 -324530 0.16000000000000003 0.07828231683927889 0 0 0.42900000000000005 0 0.6080000000000001 0.18700000000000006 0.131 0 0.5509999999999999 0 0.3350000000000001 0.11543536632144225
 358 -324530 0.21999999999999997 0.12928231683927885 0 0 0.42900000000000005 0 0.6080000000000001 0.18700000000000006 0.131 0 0.5509999999999999 0 0.3350000000000001 0.11543536632144225
 359 -324530 0.28 0.1802823168392789 1 0 0.42900000000000005 0 0.6080000000000001 0.18700000000000006 0.131 0 0.5509999999999999 0 0.3350000000000001 0.11543536632144225
 360 -324530 0.24 0.14628231683927886 0 0 0 0 0.9700000000000001 0 0 0.362 0.9129999999999999 0 0 0.11543536632144225
 361 -324530 0.33999999999999997 0.23128231683927886 0 0 0 0 0.9700000000000001 0 0 0.362 0.9129999999999999 0 0 0.11543536632144225
 362 -324530 0.4 0.2822823168392789 0 0 0 0 0.9700000000000001 0 0 0.362 0.9129999999999999 0 0 0.11543536632144225
 363 -324530 0.28 0.1802823168392789 1 1 0 0 0.9700000000000001 0 0 0.362 0.9129999999999999 0 0 0.11543536632144225
 364 -324530 0.36 0.24828231683927887 0 0 0.9710000000000001 0.22500000000000003 0.49700000000000005 0.49700000000000005 0.538 0 0.779 0.454 0.31900000000000006 0.11543536632144225
 365 -324530 0.36 0.24828231683927887 1 0 0.9710000000000001 0.22500000000000003 0.49700000000000005 0.49700000000000005 0.538 0 0.779 0.454 0.31900000000000006 0.11543536632144225
 366 -328647.67998948356 0.31999999999999995 0.2158617874911713 1 0 1 0.615 0.39200000000000007 0.39200000000000007 0.394 0.39 0.635 0.34900000000000003 0.17500000000000004 0.11227642501765733
 367 -324537.22399998276 0.30000000000000004 0.19728508784042298 0 0 1 0.5740000000000001 0.3510000000000001 0.2970000000000001 0.618 0.614 0.54 0.25400000000000006 0.13400000000000006 0.11542982431915405
 368 -324530 0.21999999999999997 0.12928231683927885 0 0 1 0.5740000000000001 0.3510000000000001 0.2970000000000001 0.618 0.614 0.54 0.25400000000000006 0.13400000000000006 0.11543536632144225
 369 -324530 0.31999999999999995 0.21428231683927884 0 0 1 0.5740000000000001 0.3510000000000001 0.2970000000000001 0.618 0.614 0.54 0.25400000000000006 0.13400000000000006 0.11543536632144225
 370 -324530 0.28 0.1802823168392789 0 0 1 0.5740000000000001 0.3510000000000001 0.2970000000000001 0.618 0.614 0.54 0.25400000000000006 0.13400000000000006 0.11543536632144225
 371 -324530 0.28 0.1802823168392789 0 0 1 0.5740000000000001 0.3510000000000001 0.2970000000000001 0.618 0.614 0.54 0.25400000000000006 0.13400000000000006 0.11543536632144225
 372 -324530 0.5 0.36728231683927887 0 0 1 0.5740000000000001 0.3510000000000001 0.2970000000000001 0.618 0.614 0.54 0.25400000000000006 0.13400000000000006 0.11543536632144225
 373 -324530 0.33999999999999997 0.23128231683927886 1 0 1 0.5740000000000001 0.3510000000000001 0.2970000000000001 0.618 0.614 0.54 0.25400000000000006 0.13400000000000006 0.11543536632144225
 374 -324530 0.30000000000000004 0.19728231683927888 0 0 0.533 0.1070000000000001 0 0.4030000000000001 0.983 0.979 0.646 0.619 0.24000000000000005 0.11543536632144225
 375 -324530 0.36 0.24828231683927887 1 0 0.533 0.1070000000000001 0 0.4030000000000001 0.983 0.979 0.646 0.619 0.24000000000000005 0.11543536632144225
 376 -324530 0.38 0.2652823168392789 0 0 0.732 0.30600000000000005 0.19899999999999995 0.7790000000000001 0.972 0.968 1 0.608 0.6160000000000001 0.11543536632144225
 377 -324530 0.42000000000000004 0.2992823168392789 1 1 0.732 0.30600000000000005 0.19899999999999995 0.7790000000000001 0.972 0.968 1 0.608 0.6160000000000001 0.11543536632144225
 378 -324530 0.42000000000000004 0.2992823168392789 0 0 0.35000000000000003 0.11500000000000005 0 0.33599999999999997 0 0.5740000000000001 1 1 0.647 0.11543536632144225
 379 -324530 0.4 0.2822823168392789 1 0 0.35000000000000003 0.11500000000000005 0 0.33599999999999997 0 0.5740000000000001 1 1 0.647 0.11543536632144225
 380 -324530 0.31999999999999995 0.21428231683927884 1 0 0.5720000000000001 0.10600000000000004 0.22199999999999998 0.591 0.255 0.8290000000000001 0.991 1 0.638 0.11543536632144225
 381 -324530 0.31999999999999995 0.21428231683927884 0 0 0.42100000000000004 0 0.604 0.8119999999999999 0.476 1 1 1 0.487 0.11543536632144225
 382 -324530 0.42000000000000004 0.2992823168392789 0 0 0.42100000000000004 0 0.604 0.8119999999999999 0.476 1 1 1 0.487 0.11543536632144225
 383 -324530 0.4 0.2822823168392789 0 0 0.42100000000000004 0 0.604 0.8119999999999999 0.476 1 1 1 0.487 0.11543536632144225
 384 -324530 0.4 0.2822823168392789 0 0 0.42100000000000004 0 0.604 0.8119999999999999 0.476 1 1 1 0.487 0.11543536632144225
 385 -324530 0.43999999999999995 0.3162823168392788 1 0 0.42100000000000004 0 0.604 0.8119999999999999 0.476 1 1 1 0.487 0.11543536632144225
 386 -324530 0.43999999999999995 0.3162823168392788 0 0 0.14700000000000002 0 0.32999999999999996 0.4009999999999999 0.10599999999999998 0.589 0.726 0.589 0.11699999999999999 0.11543536632144225
 387 -324530 0.48 0.35028231683927885 0 0 0.14700000000000002 0 0.32999999999999996 0.4009999999999999 0.10599999999999998 0.589 0.726 0.589 0.11699999999999999 0.11543536632144225
 388 -324530 0.42000000000000004 0.2992823168392789 1 0 0.14700000000000002 0 0.32999999999999996 0.4009999999999999 0.10599999999999998 0.589 0.726 0.589 0.11699999999999999 0.11543536632144225
 389 -324530 0.36 0.24828231683927887 1 0 0.17400000000000004 0.484 0.6789999999999999 0.7499999999999999 0.45499999999999996 0.616 1 1 0.14400000000000002 0.11543536632144225
 390 -324530 0.42000000000000004 0.2992823168392789 1 0 0 0.966 1 1 0.9369999999999999 0.971 1 0.593 0 0.11543536632144225
 391 -324530 0.33999999999999997 0.23128231683927886 1 0 0.269 1 1 1 1 1 1 0.862 0.015000000000000013 0.11543536632144225
 392 -324530 0.31999999999999995 0.21428231683927884 0 0 0.269 1 1 1 0.42500000000000004 1 1 0.862 0.015000000000000013 0.11543536632144225
 393 -324530 0.31999999999999995 0.21428231683927884 0 0 0.269 1 1 1 0.42500000000000004 1 1 0.862 0.015000000000000013 0.11543536632144225
 394 -324530 0.38 0.2652823168392789 0 0 0.269 1 1 1 0.42500000000000004 1 1 0.862 0.015000000000000013 0.11543536632144225
 395 -324530 0.42000000000000004 0.2992823168392789 1 0 0.269 1 1 1 0.42500000000000004 1 1 0.862 0.015000000000000013 0.11543536632144225
 396 -324530 0.48 0.35028231683927885 0 0 0.583 1 1 1 0.05400000000000005 0.629 1 0.491 0.16000000000000003 0.11543536632144225
 397 -324530 0.5 0.36728231683927887 1 0 0.583 1 1 1 0.05400000000000005 0.629 1 0.491 0.16000000000000003 0.11543536632144225
 398 -324530 0.4 0.2822823168392789 0 0 0.6749999999999999 0.59 0.5660000000000001 0.59 0 0.21899999999999997 1 0.056999999999999995 0.252 0.11543536632144225
 399 -324530 0.38 0.2652823168392789 0 0 0.6749999999999999 0.59 0.5660000000000001 0.59 0 0.21899999999999997 1 0.056999999999999995 0.252 0.11543536632144225
 400 -324530 0.36 0.24828231683927887 0 0 0.6749999999999999 0.59 0.5660000000000001 0.59 0 0.21899999999999997 1 0.056999999999999995 0.252 0.11543536632144225
 401 -324530 0.4 0.2822823168392789 0 0 0.6749999999999999 0.59 0.5660000000000001 0.59 0 0.21899999999999997 1 0.056999999999999995 0.252 0.11543536632144225
 402 -324530 0.45999999999999996 0.33328231683927884 0 0 0.6749999999999999 0.59 0.5660000000000001 0.59 0 0.21899999999999997 1 0.056999999999999995 0.252 0.11543536632144225
 403 -324530 0.43999999999999995 0.3162823168392788 1 1 0.6749999999999999 0.59 0.5660000000000001 0.59 0 0.21899999999999997 1 0.056999999999999995 0.252 0.11543536632144225
 404 -324530 0.33999999999999997 0.23128231683927886 0 0 0.11299999999999999 0 0.11299999999999999 0 0.11299999999999999 0 0 0.009000000000000008 0 0.11543536632144225
 405 -324530 0.26 0.16328231683927888 0 0 0.11299999999999999 0 0.11299999999999999 0 0.11299999999999999 0 0 0.009000000000000008 0 0.11543536632144225
 406 -324530 0.30000000000000004 0.19728231683927888 0 0 0.11299999999999999 0 0.11299999999999999 0 0.11299999999999999 0 0 0.009000000000000008 0 0.11543536632144225
 407 -324530 0.28 0.1802823168392789 1 0 0.11299999999999999 0 0.11299999999999999 0 0.11299999999999999 0 0 0.009000000000000008 0 0.11543536632144225
 408 -324530 0.42000000000000004 0.2992823168392789 0 0 0.08899999999999997 0 0 0 0 0 0 0 0 0.11543536632144225
 409 -324530 0.38 0.2652823168392789 0 0 0.08899999999999997 0 0 0 0 0 0 0 0 0.11543536632144225
 410 -324530 0.38 0.2652823168392789 0 0 0.08899999999999997 0 0 0 0 0 0 0 0 0.11543536632144225
 411 -324530 0.42000000000000004 0.2992823168392789 0 0 0.08899999999999997 0 0 0 0 0 0 0 0 0.11543536632144225
 412 -324533.619 0.36 0.24828370502493285 0 0 0.08899999999999997 0 0 0 0 0 0 0 0 0.11543258995013428
 413 -324535.4285 0.28 0.18028439911775987 0 0 0.08899999999999997 0 0 0 0 0 0 0 0 0.1154312017644803
 414 -324532.408 0.26 0.1632832405063291 1 1 0.08899999999999997 0 0 0 0 0 0 0 0 0.11543351898734178
 415 -324530 0.36 0.24828231683927887 0 0 0 0 0 0 0 0 0 0 0 0.11543536632144225
 416 -324530 0.30000000000000004 0.19728231683927888 0 0 0 0 0 0 0 0 0 0 0 0.11543536632144225
 417 -324530 0.33999999999999997 0.23128231683927886 0 0 0 0 0 0 0 0 0 0 0 0.11543536632144225
 418 -324530 0.4 0.2822823168392789 0 0 0 0 0 0 0 0 0 0 0 0.11543536632144225
 419 -324530 0.4 0.2822823168392789 1 0 0 0 0 0 0 0 0 0 0 0.11543536632144225
 420 -324530 0.33999999999999997 0.23128231683927886 0 0 0.43300000000000005 0.278 0.43300000000000005 0.040000000000000036 0.040000000000000036 0.43300000000000005 0.278 0.040000000000000036 0.278 0.11543536632144225
 421 -328652.495995241 0.45999999999999996 0.3348636348274802 0 0 0.43300000000000005 0.278 0.43300000000000005 0.040000000000000036 0.040000000000000036 0.43300000000000005 0.278 0.040000000000000036 0.278 0.11227273034503948
 422 -328652.495995241 0.4 0.2838636348274803 0 0 0.43300000000000005 0.278 0.43300000000000005 0.040000000000000036 0.040000000000000036 0.43300000000000005 0.278 0.040000000000000036 0.278 0.11227273034503948
 423 -328652.495995241 0.31999999999999995 0.21586363482748022 1 1 0.43300000000000005 0.278 0.43300000000000005 0.040000000000000036 0.040000000000000036 0.43300000000000005 0.278 0.040000000000000036 0.278 0.11227273034503948
 424 -332774.9920000006 0.24 0.14944495281933276 0 0 0.13600000000000007 0 0.56 0.56 0.17100000000000004 0 0.41200000000000003 0.482 0 0.10911009436133445
 425 -328652.49600000033 0.4 0.2838636348293058 0 0 0.13600000000000007 0 0.56 0.56 0.17100000000000004 0 0.41200000000000003 0.482 0 0.1122727303413884
 426 -328652.49600000033 0.33999999999999997 0.23286363482930578 0 0 0.13600000000000007 0 0.56 0.56 0.17100000000000004 0 0.41200000000000003 0.482 0 0.1122727303413884
 427 -328652.49600000033 0.31999999999999995 0.21586363482930576 1 0 0.13600000000000007 0 0.56 0.56 0.17100000000000004 0 0.41200000000000003 0.482 0 0.1122727303413884
 428 -324530 0.38 0.2652823168392789 0 0 0.02600000000000008 0 0.26200000000000007 0.45200000000000007 0 0 0.30200000000000005 0.372 0 0.11543536632144225
 429 -324530 0.43999999999999995 0.3162823168392788 0 0 0.02600000000000008 0 0.26200000000000007 0.45200000000000007 0 0 0.30200000000000005 0.372 0 0.11543536632144225
 430 -324530 0.36 0.24828231683927887 0 0 0.02600000000000008 0 0.26200000000000007 0.45200000000000007 0 0 0.30200000000000005 0.372 0 0.11543536632144225
 431 -324530 0.36 0.24828231683927887 1 1 0.02600000000000008 0 0.26200000000000007 0.45200000000000007 0 0 0.30200000000000005 0.372 0 0.11543536632144225
 432 -324530 0.31999999999999995 0.21428231683927884 0 0 0 0.31100000000000005 0 0.008000000000000007 0.008000000000000007 0.18600000000000005 0 0.4890000000000001 0.18600000000000005 0.11543536632144225
 433 -324530 0.43999999999999995 0.3162823168392788 0 0 0 0.31100000000000005 0 0.008000000000000007 0.008000000000000007 0.18600000000000005 0 0.4890000000000001 0.18600000000000005 0.11543536632144225
 434 -324530 0.4 0.2822823168392789 0 0 0 0.31100000000000005 0 0.008000000000000007 0.008000000000000007 0.18600000000000005 0 0.4890000000000001 0.18600000000000005 0.11543536632144225
 435 -324530 0.43999999999999995 0.3162823168392788 0 0 0 0.31100000000000005 0 0.008000000000000007 0.008000000000000007 0.18600000000000005 0 0.4890000000000001 0.18600000000000005 0.11543536632144225
 436 -324530 0.33999999999999997 0.23128231683927886 0 0 0 0.31100000000000005 0 0.008000000000000007 0.008000000000000007 0.18600000000000005 0 0.4890000000000001 0.18600000000000005 0.11543536632144225
 437 -324530 0.33999999999999997 0.23128231683927886 0 0 0 0.31100000000000005 0 0.008000000000000007 0.008000000000000007 0.18600000000000005 0 0.4890000000000001 0.18600000000000005 0.11543536632144225
 438 -324530 0.42000000000000004 0.2992823168392789 0 0 0 0.31100000000000005 0 0.008000000000000007 0.008000000000000007 0.18600000000000005 0 0.4890000000000001 0.18600000000000005 0.11543536632144225
 439 -324530 0.36 0.24828231683927887 0 0 0 0.31100000000000005 0 0.008000000000000007 0.008000000000000007 0.18600000000000005 0 0.4890000000000001 0.18600000000000005 0.11543536632144225
 440 -324530 0.31999999999999995 0.21428231683927884 0 0 0 0.31100000000000005 0 0.008000000000000007 0.008000000000000007 0.18600000000000005 0 0.4890000000000001 0.18600000000000005 0.11543536632144225
 441 -324530 0.36 0.24828231683927887 0 0 0 0.31100000000000005 0 0.008000000000000007 0.008000000000000007 0.18600000000000005 0 0.4890000000000001 0.18600000000000005 0.11543536632144225
 442 -324530 0.36 0.24828231683927887 1 0 0 0.31100000000000005 0 0.008000000000000007 0.008000000000000007 0.18600000000000005 0 0.4890000000000001 0.18600000000000005 0.11543536632144225
 443 -324530 0.28 0.1802823168392789 0 0 0 0.31100000000000005 0 0.5089999999999999 0.008000000000000007 0.18600000000000005 0 0.4890000000000001 0.18600000000000005 0.11543536632144225
 444 -328645.2719946857 0.36 0.2498608638261165 1 0 0 0.31100000000000005 0 0.5089999999999999 0.008000000000000007 0.18600000000000005 0 0.4890000000000001 0.18600000000000005 0.112278272347767
 445 -328645.2719879859 0.26 0.16486086382354656 0 0 0 0.7030000000000001 0.008000000000000007 0.24499999999999988 0 0.19400000000000006 0.392 0.4970000000000001 0.5780000000000001 0.11227827235290688
 446 -328645.2719879859 0.33999999999999997 0.23286086382354654 0 0 0 0.7030000000000001 0.008000000000000007 0.24499999999999988 0 0.19400000000000006 0.392 0.4970000000000001 0.5780000000000001 0.11227827235290688
 447 -324530 0.4 0.2822823168392789 0 0 0 0.7030000000000001 0.008000000000000007 0.24499999999999988 0 0.19400000000000006 0.392 0.4970000000000001 0.5780000000000001 0.11543536632144225
 448 -328650.08798797184 0.36 0.2498627111576417 0 0 0 0.7030000000000001 0.008000000000000007 0.24499999999999988 0 0.19400000000000006 0.392 0.4970000000000001 0.5780000000000001 0.1122745776847166
 449 -328647.6799879789 0.33999999999999997 0.2328617874905941 1 0 0 0.7030000000000001 0.008000000000000007 0.24499999999999988 0 0.19400000000000006 0.392 0.4970000000000001 0.5780000000000001 0.11227642501881174
 450 -332765.35998796165 0.33999999999999997 0.23444125814651384 1 1 0.28700000000000003 0.3520000000000001 0 0 0 0.4810000000000001 0.679 0.14600000000000013 0.17700000000000005 0.10911748370697227
 451 -336883.04000000097 0.28 0.1850207288070583 0 0 0 0 0 0 0 0.2900000000000001 0.6380000000000001 0.9279999999999999 0.038000000000000034 0.10595854238588343
 452 -336883.04000000097 0.26 0.1680207288070583 0 0 0 0 0 0 0 0.2900000000000001 0.6380000000000001 0.9279999999999999 0.038000000000000034 0.10595854238588343
 453 -341003.12800000125 0.4 0.288601123130035 1 0 0 0 0 0 0 0.2900000000000001 0.6380000000000001 0.9279999999999999 0.038000000000000034 0.10279775373993005
 454 -332765.36000000057 0.31999999999999995 0.21744125815113174 0 0 0.242 0 0 0 0 0.01700000000000007 0.5920000000000001 1 0.28 0.10911748369773644
 455 -332770.1760000006 0.33999999999999997 0.23444310548523228 0 0 0.242 0 0 0 0 0.01700000000000007 0.5920000000000001 1 0.28 0.10911378902953539
 456 -328652.49600000033 0.31999999999999995 0.21586363482930576 0 0 0.242 0 0 0 0 0.01700000000000007 0.5920000000000001 1 0.28 0.1122727303413884
 457 -332765.36000000057 0.31999999999999995 0.21744125815113174 1 0 0.242 0 0 0 0 0.01700000000000007 0.5920000000000001 1 0.28 0.10911748369773644
 458 -328647.6800000003 0.31999999999999995 0.21586178749520524 0 0 0.015000000000000013 0 0 0.19099999999999995 0 0 0.783 0.8420000000000001 0.471 0.11227642500958945
 459 -336883.0400000009 0.31999999999999995 0.21902072880705825 0 0 0.015000000000000013 0 0 0.19099999999999995 0 0 0.783 0.8420000000000001 0.471 0.10595854238588343
 460 -332755.72800000064 0.38 0.2684375634829308 1 0 0.015000000000000013 0 0 0.19099999999999995 0 0 0.783 0.8420000000000001 0.471 0.10912487303413843
 461 -332770.1759932246 0.38 0.26844310548263317 1 0 0.015000000000000013 0.19799999999999995 0 0.19099999999999995 0 0 0.783 0.8420000000000001 0.471 0.10911378903473368
 462 -332770.17598795466 0.33999999999999997 0.2344431054806117 0 0 0 0.352 0 0.345 0.15400000000000003 0.16900000000000004 0.321 1 0.64 0.10911378903877655
 463 -328650.08799397736 0.4 0.2838627111599453 0 0 0 0.352 0 0.345 0.15400000000000003 0.16900000000000004 0.321 1 0.64 0.1122745776801094
 464 -332770.17598795466 0.33999999999999997 0.2344431054806117 1 0 0 0.352 0 0.345 0.15400000000000003 0.16900000000000004 0.321 1 0.64 0.10911378903877655
 465 -341010.3519636601 0.30000000000000004 0.20360389411724594 0 0 0.268 0.531 0.268 0.491 0.42200000000000004 0.3480000000000001 0.5 1 0.786 0.10279221176550812
 466 -479273.39999091136 0.31999999999999995 0.27199999999999996 0 0 0.268 0.531 0.268 0.491 0.42200000000000004 0.3480000000000001 0.5 1 0.786 0
 467 -328650.08799091505 0.28 0.1818627111587706 0 0 0.268 0.531 0.268 0.491 0.42200000000000004 0.3480000000000001 0.5 1 0.786 0.11227457768245885
 468 -324530 0.21999999999999997 0.12928231683927885 0 0 0.268 0.531 0.268 0.491 0.42200000000000004 0.3480000000000001 0.5 1 0.786 0.11543536632144225
 469 -479183.0124909167 0.31999999999999995 0.27199999999999996 0 0 0.268 0.531 0.268 0.491 0.42200000000000004 0.3480000000000001 0.5 1 0.786 0
 470 -633836.0249818334 0.31999999999999995 0.27199999999999996 0 0 0.268 0.531 0.268 0.491 0.42200000000000004 0.3480000000000001 0.5 1 0.786 0
 471 -943142.0499636666 0.26 0.221 0 0 0.268 0.531 0.268 0.491 0.42200000000000004 0.3480000000000001 0.5 1 0.786 0
 472 -1097885.449954578 0.18000000000000005 0.15300000000000002 0 0 0.268 0.531 0.268 0.491 0.42200000000000004 0.3480000000000001 0.5 1 0.786 0
 473 -479183.0124909167 0.30000000000000004 0.255 1 1 0.268 0.531 0.268 0.491 0.42200000000000004 0.3480000000000001 0.5 1 0.786 0
 474 -479183.0124995778 0.30000000000000004 0.255 1 0 0.237 0.025000000000000022 0 0.267 0 0 0.33999999999999997 0 0.267 0
 475 -479183.0124990198 0.4 0.34 1 1 0 0.05700000000000005 0 0 0.03200000000000003 0.03200000000000003 0 0 0 0
 476 -324530 0.30000000000000004 0.19728231683927888 0 0 0 0 0 0 0.01100000000000001 0.01100000000000001 0.01100000000000001 0 0 0.11543536632144225
 477 -332772.5840000006 0.30000000000000004 0.2004440291522826 1 0 0 0 0 0 0.01100000000000001 0.01100000000000001 0.01100000000000001 0 0 0.10911194169543481
 478 -328652.49599726143 0.31999999999999995 0.2158636348282552 1 0 0.0050000000000000044 0.16000000000000003 0 0 0 0.17100000000000004 0.17100000000000004 0.0050000000000000044 0.0050000000000000044 0.1122727303434895
 479 -324530 0.36 0.24828231683927887 0 0 0 0 0 0 0 0 0 0 0 0.11543536632144225
 480 -324530 0.38 0.2652823168392789 1 0 0 0 0 0 0 0 0 0 0 0.11543536632144225
 481 -328652.49599510385 0.38 0.26686363482742764 0 0 0.22799999999999998 0.28600000000000003 0 0.22799999999999998 0.22799999999999998 0 0 0.28600000000000003 0.28600000000000003 0.11227273034514473
 482 -332774.99199020764 0.31999999999999995 0.21744495281557635 0 0 0.22799999999999998 0.28600000000000003 0 0.22799999999999998 0.22799999999999998 0 0 0.28600000000000003 0.28600000000000003 0.10911009436884722
 483 -324530 0.31999999999999995 0.21428231683927884 0 0 0.22799999999999998 0.28600000000000003 0 0.22799999999999998 0.22799999999999998 0 0 0.28600000000000003 0.28600000000000003 0.11543536632144225
 484 -324530 0.36 0.24828231683927887 0 0 0.22799999999999998 0.28600000000000003 0 0.22799999999999998 0.22799999999999998 0 0 0.28600000000000003 0.28600000000000003 0.11543536632144225
 485 -324530 0.42000000000000004 0.2992823168392789 0 0 0.22799999999999998 0.28600000000000003 0 0.22799999999999998 0.22799999999999998 0 0 0.28600000000000003 0.28600000000000003 0.11543536632144225
 486 -324530 0.31999999999999995 0.21428231683927884 0 0 0.22799999999999998 0.28600000000000003 0 0.22799999999999998 0.22799999999999998 0 0 0.28600000000000003 0.28600000000000003 0.11543536632144225
 487 -324530 0.36 0.24828231683927887 0 0 0.22799999999999998 0.28600000000000003 0 0.22799999999999998 0.22799999999999998 0 0 0.28600000000000003 0.28600000000000003 0.11543536632144225
 488 -324530 0.36 0.24828231683927887 0 0 0.22799999999999998 0.28600000000000003 0 0.22799999999999998 0.22799999999999998 0 0 0.28600000000000003 0.28600000000000003 0.11543536632144225
 489 -324530 0.31999999999999995 0.21428231683927884 1 1 0.22799999999999998 0.28600000000000003 0 0.22799999999999998 0.22799999999999998 0 0 0.28600000000000003 0.28600000000000003 0.11543536632144225
 490 -324530 0.33999999999999997 0.23128231683927886 0 0 0.279 0.25600000000000006 0.279 0 0 0.40900000000000003 0.9700000000000001 1 0.8620000000000001 0.11543536632144225
 491 -324530 0.36 0.24828231683927887 0 0 0.279 0.25600000000000006 0.279 0 0 0.40900000000000003 0.9700000000000001 1 0.8620000000000001 0.11543536632144225
 492 -324530 0.36 0.24828231683927887 0 0 0.279 0.25600000000000006 0.279 0 0 0.40900000000000003 0.9700000000000001 1 0.8620000000000001 0.11543536632144225
 493 -324530 0.26 0.16328231683927888 1 0 0.279 0.25600000000000006 0.279 0 0 0.40900000000000003 0.9700000000000001 1 0.8620000000000001 0.11543536632144225
 494 -324530 0.31999999999999995 0.21428231683927884 1 1 0.607 0.5840000000000001 0.4570000000000001 0.17800000000000005 0.32799999999999996 0.202 0.7630000000000001 0.7929999999999999 1 0.11543536632144225
 495 -324530 0.24 0.14628231683927886 0 0 0.019000000000000017 0.394 0 0.43799999999999994 0.399 1 1 0 0.1050000000000001 0.11543536632144225
 496 -324530 0.33999999999999997 0.23128231683927886 0 0 0.019000000000000017 0.394 0 0.43799999999999994 0.399 1 1 0 0.1050000000000001 0.11543536632144225
 497 -324530 0.30000000000000004 0.19728231683927888 0 0 0.019000000000000017 0.394 0 0.43799999999999994 0.399 1 1 0 0.1050000000000001 0.11543536632144225
 498 -324530 0.28 0.1802823168392789 0 0 0.019000000000000017 0.394 0 0.43799999999999994 0.399 1 1 0 0.1050000000000001 0.11543536632144225
 499 -324530 0.30000000000000004 0.19728231683927888 0 0 0.019000000000000017 0.394 0 0.43799999999999994 0.399 1 1 0 0.1050000000000001 0.11543536632144225
 500 -324530 0.26 0.16328231683927888 1 0 0.019000000000000017 0.394 0 0.43799999999999994 0.399 1 1 0 0.1050000000000001 0.11543536632144225
 501 -324530 0.42000000000000004 0.2992823168392789 1 0 0 0.707 0.31299999999999994 0.5499999999999999 0.511 0.612 0.612 0.31299999999999994 0.21700000000000008 0.11543536632144225
 502 -324530 0.45999999999999996 0.33328231683927884 0 0 0 0.488 0.366 0.33099999999999996 0.5640000000000001 0.393 0.665 0 0 0.11543536632144225
 503 -324530 0.43999999999999995 0.3162823168392788 1 1 0 0.488 0.366 0.33099999999999996 0.5640000000000001 0.393 0.665 0 0 0.11543536632144225
 504 -324530 0.4 0.2822823168392789 0 0 0.341 0.10600000000000004 0.671 0.691 0.296 0.9260000000000002 0.833 0.948 1 0.11543536632144225
 505 -324530 0.31999999999999995 0.21428231683927884 1 0 0.341 0.10600000000000004 0.671 0.691 0.296 0.9260000000000002 0.833 0.948 1 0.11543536632144225
 506 -324530 0.30000000000000004 0.19728231683927888 0 0 0.34800000000000003 0 0.6080000000000001 0.4779999999999999 0.23299999999999998 0.7130000000000001 0.84 0.885 1 0.11543536632144225
 507 -324530 0.42000000000000004 0.2992823168392789 1 1 0.34800000000000003 0 0.6080000000000001 0.4779999999999999 0.23299999999999998 0.7130000000000001 0.84 0.885 1 0.11543536632144225
 508 -324530 0.45999999999999996 0.33328231683927884 0 0 0 0.30300000000000005 0 0 0 0 0.07299999999999995 0.30300000000000005 0.44300000000000006 0.11543536632144225
 509 -324530 0.38 0.2652823168392789 1 0 0 0.30300000000000005 0 0 0 0 0.07299999999999995 0.30300000000000005 0.44300000000000006 0.11543536632144225
 510 -324530 0.31999999999999995 0.21428231683927884 0 0 0 0.17200000000000004 0.05500000000000005 0 0 0 0.128 0.13000000000000006 0.4980000000000001 0.11543536632144225
 511 -324530 0.38 0.2652823168392789 0 0 0 0.17200000000000004 0.05500000000000005 0 0 0 0.128 0.13000000000000006 0.4980000000000001 0.11543536632144225
 512 -324530 0.19999999999999996 0.11228231683927883 0 0 0 0.17200000000000004 0.05500000000000005 0 0 0 0.128 0.13000000000000006 0.4980000000000001 0.11543536632144225
 513 -324530 0.26 0.16328231683927888 0 0 0 0.17200000000000004 0.05500000000000005 0 0 0 0.128 0.13000000000000006 0.4980000000000001 0.11543536632144225
 514 -324530 0.33999999999999997 0.23128231683927886 0 0 0 0.17200000000000004 0.05500000000000005 0 0 0 0.128 0.13000000000000006 0.4980000000000001 0.11543536632144225
 515 -324530 0.4 0.2822823168392789 0 0 0 0.17200000000000004 0.05500000000000005 0 0 0 0.128 0.13000000000000006 0.4980000000000001 0.11543536632144225
 516 -324530 0.4 0.2822823168392789 0 0 0 0.17200000000000004 0.05500000000000005 0 0 0 0.128 0.13000000000000006 0.4980000000000001 0.11543536632144225
 517 -324530 0.45999999999999996 0.33328231683927884 0 0 0 0.17200000000000004 0.05500000000000005 0 0 0 0.128 0.13000000000000006 0.4980000000000001 0.11543536632144225
 518 -324530 0.4 0.2822823168392789 0 0 0 0.17200000000000004 0.05500000000000005 0 0 0 0.128 0.13000000000000006 0.4980000000000001 0.11543536632144225
 519 -324530 0.38 0.2652823168392789 0 0 0 0.17200000000000004 0.05500000000000005 0 0 0 0.128 0.13000000000000006 0.4980000000000001 0.11543536632144225
 520 -324530 0.42000000000000004 0.2992823168392789 0 0 0 0.17200000000000004 0.05500000000000005 0 0 0 0.128 0.13000000000000006 0.4980000000000001 0.11543536632144225
 521 -324530 0.45999999999999996 0.33328231683927884 0 0 0 0.17200000000000004 0.05500000000000005 0 0 0 0.128 0.13000000000000006 0.4980000000000001 0.11543536632144225
 522 -324530 0.42000000000000004 0.2992823168392789 1 0 0 0.17200000000000004 0.05500000000000005 0 0 0 0.128 0.13000000000000006 0.4980000000000001 0.11543536632144225
 523 -324530 0.38 0.2652823168392789 0 0 0 0.16700000000000004 0 0 0 0.21599999999999997 0.123 0.34600000000000003 0.7140000000000001 0.11543536632144225
 524 -324530 0.42000000000000004 0.2992823168392789 0 0 0 0.16700000000000004 0 0 0 0.21599999999999997 0.123 0.34600000000000003 0.7140000000000001 0.11543536632144225
 525 -328652.4959971409 0.43999999999999995 0.31786363482820895 0 0 0 0.16700000000000004 0 0 0 0.21599999999999997 0.123 0.34600000000000003 0.7140000000000001 0.11227273034358198
 526 -332770.17599428503 0.5 0.3704431054830398 0 0 0 0.16700000000000004 0 0 0 0.21599999999999997 0.123 0.34600000000000003 0.7140000000000001 0.10911378903392033
 527 -324530 0.43999999999999995 0.3162823168392788 0 0 0 0.16700000000000004 0 0 0 0.21599999999999997 0.123 0.34600000000000003 0.7140000000000001 0.11543536632144225
 528 -324530 0.4 0.2822823168392789 0 0 0 0.16700000000000004 0 0 0 0.21599999999999997 0.123 0.34600000000000003 0.7140000000000001 0.11543536632144225
 529 -324530 0.36 0.24828231683927887 0 0 0 0.16700000000000004 0 0 0 0.21599999999999997 0.123 0.34600000000000003 0.7140000000000001 0.11543536632144225
 530 -324530 0.28 0.1802823168392789 0 0 0 0.16700000000000004 0 0 0 0.21599999999999997 0.123 0.34600000000000003 0.7140000000000001 0.11543536632144225
 531 -324530 0.42000000000000004 0.2992823168392789 0 0 0 0.16700000000000004 0 0 0 0.21599999999999997 0.123 0.34600000000000003 0.7140000000000001 0.11543536632144225
 532 -328652.4959971409 0.38 0.266863634828209 0 0 0 0.16700000000000004 0 0 0 0.21599999999999997 0.123 0.34600000000000003 0.7140000000000001 0.11227273034358198
 533 -328652.4959971409 0.30000000000000004 0.198863634828209 1 0 0 0.16700000000000004 0 0 0 0.21599999999999997 0.123 0.34600000000000003 0.7140000000000001 0.11227273034358198
 534 -324530 0.31999999999999995 0.21428231683927884 1 0 0.050000000000000044 0.07400000000000001 0 0 0.050000000000000044 0.06999999999999995 0.02999999999999997 0.3960000000000001 0.5680000000000001 0.11543536632144225
 535 -324530 0.38 0.2652823168392789 0 0 0 0 0 0 0 0 0 0.08000000000000007 0.2280000000000001 0.11543536632144225
 536 -324530 0.33999999999999997 0.23128231683927886 1 0 0 0 0 0 0 0 0 0.08000000000000007 0.2280000000000001 0.11543536632144225
 537 -324530 0.36 0.24828231683927887 0 0 0.30500000000000005 0 0.471 0.471 0 0.30500000000000005 0.471 0 0.5330000000000001 0.11543536632144225
 538 -324530 0.36 0.24828231683927887 0 0 0.30500000000000005 0 0.471 0.471 0 0.30500000000000005 0.471 0 0.5330000000000001 0.11543536632144225
 539 -324530 0.4 0.2822823168392789 0 0 0.30500000000000005 0 0.471 0.471 0 0.30500000000000005 0.471 0 0.5330000000000001 0.11543536632144225
 540 -324530 0.26 0.16328231683927888 0 0 0.30500000000000005 0 0.471 0.471 0 0.30500000000000005 0.471 0 0.5330000000000001 0.11543536632144225
 541 -324530 0.19999999999999996 0.11228231683927883 0 0 0.30500000000000005 0 0.471 0.471 0 0.30500000000000005 0.471 0 0.5330000000000001 0.11543536632144225
 542 -324530 0.26 0.16328231683927888 0 0 0.30500000000000005 0 0.471 0.471 0 0.30500000000000005 0.471 0 0.5330000000000001 0.11543536632144225
 543 -324530 0.24 0.14628231683927886 0 0 0.30500000000000005 0 0.471 0.471 0 0.30500000000000005 0.471 0 0.5330000000000001 0.11543536632144225
 544 -324530 0.30000000000000004 0.19728231683927888 0 0 0.30500000000000005 0 0.471 0.471 0 0.30500000000000005 0.471 0 0.5330000000000001 0.11543536632144225
 545 -324530 0.31999999999999995 0.21428231683927884 0 0 0.30500000000000005 0 0.471 0.471 0 0.30500000000000005 0.471 0 0.5330000000000001 0.11543536632144225
 546 -324530 0.38 0.2652823168392789 0 0 0.30500000000000005 0 0.471 0.471 0 0.30500000000000005 0.471 0 0.5330000000000001 0.11543536632144225
 547 -324530 0.33999999999999997 0.23128231683927886 1 0 0.30500000000000005 0 0.471 0.471 0 0.30500000000000005 0.471 0 0.5330000000000001 0.11543536632144225
 548 -328650.0879951756 0.33999999999999997 0.23286271116040497 0 0 0.639 0.28200000000000003 0.5499999999999999 0.8049999999999999 0.28200000000000003 0.384 0.5499999999999999 0.28200000000000003 0.8670000000000001 0.11227457767919002
 549 -328652.49599517277 0.30000000000000004 0.19886363482745406 0 0 0.639 0.28200000000000003 0.5499999999999999 0.8049999999999999 0.28200000000000003 0.384 0.5499999999999999 0.28200000000000003 0.8670000000000001 0.11227273034509189
 550 -324532.4079999972 0.36 0.24828324050632805 0 0 0.639 0.28200000000000003 0.5499999999999999 0.8049999999999999 0.28200000000000003 0.384 0.5499999999999999 0.28200000000000003 0.8670000000000001 0.11543351898734389
 551 -324546.85599998024 0.4 0.282288782508623 0 0 0.639 0.28200000000000003 0.5499999999999999 0.8049999999999999 0.28200000000000003 0.384 0.5499999999999999 0.28200000000000003 0.8670000000000001 0.11542243498275406
 552 -328664.53599515866 0.33999999999999997 0.23286825316269988 1 0 0.639 0.28200000000000003 0.5499999999999999 0.8049999999999999 0.28200000000000003 0.384 0.5499999999999999 0.28200000000000003 0.8670000000000001 0.1122634936746002
 553 -328654.90399304515 0.38 0.2668645584936882 1 0 0.322 0.406 0.23299999999999993 0.42699999999999994 0.406 0.508 0.17199999999999993 0 0.55 0.11227088301262367
 554 -328664.535986728 0.33999999999999997 0.23286825315946602 0 0 0.39899999999999997 0.773 0.6179999999999999 0.7939999999999999 0.791 0.585 0.2489999999999999 0.385 0.917 0.11226349368106792
 555 -328664.5359867279 0.43999999999999995 0.317868253159466 1 1 0.39899999999999997 0.773 0.6179999999999999 0.7939999999999999 0.791 0.585 0.2489999999999999 0.385 0.917 0.11226349368106792
 556 -328650.08800000034 0.42000000000000004 0.3008627111622556 0 0 0 0 0 0 0 0 0 0.129 0.08200000000000007 0.11227457767548887
 557 -328659.7200000003 0.36 0.24986640583045655 0 0 0 0 0 0 0 0 0 0.129 0.08200000000000007 0.11226718833908689
 558 -328662.1280000003 0.36 0.24986732949750678 1 0 0 0 0 0 0 0 0 0.129 0.08200000000000007 0.11226534100498642
 559 -324554.08 0.28 0.1802915535097814 1 0 0 0 0 0.41900000000000004 0.41900000000000004 0 0.41900000000000004 0 0 0.11541689298043722
 560 -324542.04 0.33999999999999997 0.23128693517453008 0 0 0 0 0.14100000000000001 0.56 0.335 0 0.335 0.14100000000000001 0 0.11542612965093979
 561 -324530 0.33999999999999997 0.23128231683927886 1 0 0 0 0.14100000000000001 0.56 0.335 0 0.335 0.14100000000000001 0 0.11543536632144225
 562 -324532.40799999825 0.4 0.28228324050632847 1 1 0.267 0.17700000000000005 0.31800000000000006 0.7460000000000001 0.6020000000000001 0.18600000000000005 0.6020000000000001 0.31800000000000006 0.18600000000000005 0.11543351898734311
 563 -328657.3120000003 0.42000000000000004 0.3008654821634064 0 0 0 0 0 0.138 0.16900000000000004 0.4590000000000001 0.8290000000000001 0.735 0.20700000000000002 0.11226903567318725
 564 -336897.48800000094 0.5 0.37202627080935974 0 0 0 0 0 0.138 0.16900000000000004 0.4590000000000001 0.8290000000000001 0.735 0.20700000000000002 0.1059474583812805
 565 -336897.48800000094 0.38 0.27002627080935976 0 0 0 0 0 0.138 0.16900000000000004 0.4590000000000001 0.8290000000000001 0.735 0.20700000000000002 0.1059474583812805
 566 -332779.80800000066 0.30000000000000004 0.2004468001534333 0 0 0 0 0 0.138 0.16900000000000004 0.4590000000000001 0.8290000000000001 0.735 0.20700000000000002 0.1091063996931334
 567 -349269.7920000019 0.36 0.25777207211354114 1 0 0 0 0 0.138 0.16900000000000004 0.4590000000000001 0.8290000000000001 0.735 0.20700000000000002 0.09645585577291771
 568 -361634.87200000277 0.36 0.26251510241657183 0 0 0.30100000000000005 0 0.248 0.118 0.41700000000000004 0.7600000000000001 1 0.983 0.187 0.08696979516685632
 569 -361637.2800000028 0.33999999999999997 0.2455160260836221 0 0 0.30100000000000005 0 0.248 0.118 0.41700000000000004 0.7600000000000001 1 0.983 0.187 0.08696794783275574
 570 -365752.55200000317 0.31999999999999995 0.2300945730724983 0 0 0.30100000000000005 0 0.248 0.118 0.41700000000000004 0.7600000000000001 1 0.983 0.187 0.08381085385500331
 571 -369877.45600000344 0.28 0.19767681472957557 0 0 0.30100000000000005 0 0.248 0.118 0.41700000000000004 0.7600000000000001 1 0.983 0.187 0.08064637054084889
 572 -361632.46400000283 0.33999999999999997 0.24551417874952164 1 0 0.30100000000000005 0 0.248 0.118 0.41700000000000004 0.7600000000000001 1 0.983 0.187 0.08697164250095668
 573 -349269.7920000018 0.28 0.18977207211354116 0 0 0.07400000000000007 0 0.21999999999999997 0.04899999999999999 0.389 0.6910000000000001 0.773 0.756 0.15899999999999997 0.09645585577291771
 574 -353392.2880000022 0.30000000000000004 0.20835339010356818 0 0 0.07400000000000007 0 0.21999999999999997 0.04899999999999999 0.389 0.6910000000000001 0.773 0.756 0.15899999999999997 0.09329321979286365
 575 -341022.3920000012 0.31999999999999995 0.22060851246643692 0 0 0.07400000000000007 0 0.21999999999999997 0.04899999999999999 0.389 0.6910000000000001 0.773 0.756 0.15899999999999997 0.10278297506712608
 576 -345142.48000000155 0.33999999999999997 0.23918890678941374 0 0 0.07400000000000007 0 0.21999999999999997 0.04899999999999999 0.389 0.6910000000000001 0.773 0.756 0.15899999999999997 0.09962218642117249
 577 -341019.9840000013 0.43999999999999995 0.3226075887993867 0 0 0.07400000000000007 0 0.21999999999999997 0.04899999999999999 0.389 0.6910000000000001 0.773 0.756 0.15899999999999997 0.10278482240122644
 578 -345140.0720000016 0.36 0.25618798312236346 0 0 0.07400000000000007 0 0.21999999999999997 0.04899999999999999 0.389 0.6910000000000001 0.773 0.756 0.15899999999999997 0.09962403375527307
 579 -357507.56000000256 0.33999999999999997 0.24393193709244443 0 0 0.07400000000000007 0 0.21999999999999997 0.04899999999999999 0.389 0.6910000000000001 0.773 0.756 0.15899999999999997 0.0901361258151111
 580 -361639.6880000029 0.33999999999999997 0.24551694975067234 0 0 0.07400000000000007 0 0.21999999999999997 0.04899999999999999 0.389 0.6910000000000001 0.773 0.756 0.15899999999999997 0.08696610049865527
 581 -369863.00800000346 0.30000000000000004 0.21467127272727404 0 0 0.07400000000000007 0 0.21999999999999997 0.04899999999999999 0.389 0.6910000000000001 0.773 0.756 0.15899999999999997 0.08065745454545192
 582 -357517.1920000025 0.33999999999999997 0.24393563176064542 0 0 0.07400000000000007 0 0.21999999999999997 0.04899999999999999 0.389 0.6910000000000001 0.773 0.756 0.15899999999999997 0.09012873647870911
 583 -353387.47200000216 0.30000000000000004 0.20835154276946766 0 0 0.07400000000000007 0 0.21999999999999997 0.04899999999999999 0.389 0.6910000000000001 0.773 0.756 0.15899999999999997 0.0932969144610647
 584 -349267.38400000194 0.38 0.274771148446491 0 0 0.07400000000000007 0 0.21999999999999997 0.04899999999999999 0.389 0.6910000000000001 0.773 0.756 0.15899999999999997 0.09645770310701807
 585 -357509.9680000025 0.45999999999999996 0.3459328607594946 0 0 0.07400000000000007 0 0.21999999999999997 0.04899999999999999 0.389 0.6910000000000001 0.773 0.756 0.15899999999999997 0.09013427848101074
 586 -353389.88000000216 0.36 0.25935246643651794 0 0 0.07400000000000007 0 0.21999999999999997 0.04899999999999999 0.389 0.6910000000000001 0.773 0.756 0.15899999999999997 0.09329506712696412
 587 -357514.78400000255 0.24 0.15893470809359514 0 0 0.07400000000000007 0 0.21999999999999997 0.04899999999999999 0.389 0.6910000000000001 0.773 0.756 0.15899999999999997 0.0901305838128097
 588 -357514.78400000255 0.24 0.15893470809359514 0 0 0.07400000000000007 0 0.21999999999999997 0.04899999999999999 0.389 0.6910000000000001 0.773 0.756 0.15899999999999997 0.0901305838128097
 589 -353397.1040000022 0.26 0.17435523743766865 0 0 0.07400000000000007 0 0.21999999999999997 0.04899999999999999 0.389 0.6910000000000001 0.773 0.756 0.15899999999999997 0.09328952512466271
 590 -373963.8320000038 0.19999999999999996 0.1312442777138487 0 0 0.07400000000000007 0 0.21999999999999997 0.04899999999999999 0.389 0.6910000000000001 0.773 0.756 0.15899999999999997 0.07751144457230252
 591 -386328.9120000047 0.19999999999999996 0.1359873080168794 0 0 0.07400000000000007 0 0.21999999999999997 0.04899999999999999 0.389 0.6910000000000001 0.773 0.756 0.15899999999999997 0.06802538396624114
 592 -382201.6000000044 0.33999999999999997 0.253404142692752 0 0 0.07400000000000007 0 0.21999999999999997 0.04899999999999999 0.389 0.6910000000000001 0.773 0.756 0.15899999999999997 0.07119171461449592
 593 -394540.19200000534 0.38 0.29213701265822994 0 0 0.07400000000000007 0 0.21999999999999997 0.04899999999999999 0.389 0.6910000000000001 0.773 0.756 0.15899999999999997 0.06172597468354013
 594 -423383.21600000764 0.31999999999999995 0.25220069658611716 0 0 0.07400000000000007 0 0.21999999999999997 0.04899999999999999 0.389 0.6910000000000001 0.773 0.756 0.15899999999999997 0.039598606827765614
 595 -426483.48800000735 0.38 0.30438990717299863 0 0 0.07400000000000007 0 0.21999999999999997 0.04899999999999999 0.389 0.6910000000000001 0.773 0.756 0.15899999999999997 0.03722018565400276
 596 -406936.57600000635 0.42000000000000004 0.3308920506329139 1 0 0.07400000000000007 0 0.21999999999999997 0.04899999999999999 0.389 0.6910000000000001 0.773 0.756 0.15899999999999997 0.05221589873417232
 597 -415157.4880000068 0.31999999999999995 0.2490454499424652 1 0 0 0 0.473 0.302 0.247 0.406 0.631 0.471 0.412 0.045909100115069545
 598 -423385.6240000075 0.4 0.32020162025316745 0 0 0 0 0.516 0.34500000000000003 0.15899999999999997 0.8260000000000001 0.674 0.891 0.8320000000000001 0.039596759493665146
 599 -431733.0435000081 0.33999999999999997 0.27240354564633984 1 1 0 0 0.516 0.34500000000000003 0.15899999999999997 0.8260000000000001 0.674 0.891 0.8320000000000001 0.03319290870732028
 600 -427568.3197556727 0.30000000000000004 0.23680602982572796 0 0 0.22500000000000003 0.5710000000000001 0.5209999999999999 0.25300000000000006 0.44299999999999995 0 0.863 0 0.32300000000000006 0.03638794034854409
 601 -398739.74382403196 0.38 0.29374788792636436 0 0 0.22500000000000003 0.5710000000000001 0.5209999999999999 0.25300000000000006 0.44299999999999995 0 0.863 0 0.32300000000000006 0.0585042241472713
 602 -378132.07987289736 0.24 0.16684314532907454 1 0 0.22500000000000003 0.5710000000000001 0.5209999999999999 0.25300000000000006 0.44299999999999995 0 0.863 0 0.32300000000000006 0.07431370934185089
 603 -398734.92788844486 0.21999999999999997 0.15774604061697164 0 0 0.5170000000000001 0.36200000000000004 0.3119999999999999 0.04400000000000004 0.4139999999999999 0 1 0.29200000000000004 0.29400000000000004 0.058507918766056655
 604 -369889.4959318094 0.26 0.1806814330386687 1 1 0.5170000000000001 0.36200000000000004 0.3119999999999999 0.04400000000000004 0.4139999999999999 0 1 0.29200000000000004 0.29400000000000004 0.08063713392266258
 605 -374048.1119376908 0.30000000000000004 0.21627660603670534 0 0 0 0.30300000000000005 0 0 0 0 0.37699999999999995 0.5139999999999999 0.44200000000000006 0.07744678792658932
 606 -386403.5599221438 0.30000000000000004 0.2210159416655711 0 0 0 0.30300000000000005 0 0 0 0 0.37699999999999995 0.5139999999999999 0.44200000000000006 0.06796811666885783
 607 -382254.5759273646 0.21999999999999997 0.15142446333999407 0 0 0 0.30300000000000005 0 0 0 0 0.37699999999999995 0.5139999999999999 0.44200000000000006 0.0711510733200118
 608 -386350.58392221056 0.38 0.28899562099049125 0 0 0 0.30300000000000005 0 0 0 0 0.37699999999999995 0.5139999999999999 0.44200000000000006 0.06800875801901751
 609 -378124.8559325611 0.21999999999999997 0.14984037435080969 0 0 0 0.30300000000000005 0 0 0 0 0.37699999999999995 0.5139999999999999 0.44200000000000006 0.07431925129838057
 610 -398715.6639066515 0.28 0.20873865128755334 1 1 0 0.30300000000000005 0 0 0 0 0.37699999999999995 0.5139999999999999 0.44200000000000006 0.058522697424893355
 611 -402840.5679089515 0.38 0.29532089294551267 1 1 0.19099999999999995 0.28 0 0.19099999999999995 0.15400000000000003 0.19099999999999995 0.729 0.4570000000000001 0 0.05535821410897468
 612 -402857.42400000594 0.4 0.31232735864979133 0 0 0.15600000000000003 0 0.023999999999999966 0.308 0 0 0.07299999999999995 0.30300000000000005 0 0.055345282700417386
 613 -411092.7840000067 0.31999999999999995 0.24748629996164417 0 0 0.15600000000000003 0 0.023999999999999966 0.308 0 0 0.07299999999999995 0.30300000000000005 0 0.04902740007671158
 614 -415227.32000000693 0.38 0.3000722362869225 1 1 0.15600000000000003 0 0.023999999999999966 0.308 0 0 0.07299999999999995 0.30300000000000005 0 0.04585552742615506
 615 -406975.1039602978 0.36 0.27990682929048627 0 0 0 0.11600000000000005 0.42200000000000004 0.42200000000000004 0 0.42200000000000004 0.429 0 0 0.05218634141902745
 616 -398742.1519642624 0.24 0.1747488116472046 0 0 0 0.11600000000000005 0.42200000000000004 0.42200000000000004 0 0.42200000000000004 0.429 0 0 0.058502376705590775
 617 -398737.3359642647 0.21999999999999997 0.157746964313105 0 0 0 0.11600000000000005 0.42200000000000004 0.42200000000000004 0 0.42200000000000004 0.429 0 0 0.058506071373789936
 618 -398725.29596427054 0.30000000000000004 0.22574234597785603 0 0 0 0.11600000000000005 0.42200000000000004 0.42200000000000004 0 0.42200000000000004 0.429 0 0 0.05851530804428795
 619 -541018.0444682407 0.31999999999999995 0.27199999999999996 1 0 0 0.11600000000000005 0.42200000000000004 0.42200000000000004 0 0.42200000000000004 0.429 0 0 0
 620 -382225.6800000045 0.33999999999999997 0.2534133793632544 1 1 0 0 0.22500000000000003 0.15000000000000002 0 0.24300000000000005 0.25 0 0 0.07117324127349112
 621 -398722.8880000057 0.31999999999999995 0.24274142232451307 0 0 0.367 0 0.37600000000000006 0 0.06899999999999995 0 0.6439999999999999 0 0 0.05851715535097379
 622 -402847.792000006 0.36 0.2783236639815903 0 0 0.367 0 0.37600000000000006 0 0.06899999999999995 0 0.6439999999999999 0 0 0.05535267203681937
 623 -394602.8000000053 0.30000000000000004 0.22416102800153642 0 0 0.367 0 0.37600000000000006 0 0.06899999999999995 0 0.6439999999999999 0 0 0.061677943996927165
 624 -386343.3600000047 0.31999999999999995 0.2379928500191809 0 0 0.367 0 0.37600000000000006 0 0.06899999999999995 0 0.6439999999999999 0 0 0.0680142999616381
 625 -378100.776000004 0.21999999999999997 0.1498311377061772 1 0 0.367 0 0.37600000000000006 0 0.06899999999999995 0 0.6439999999999999 0 0 0.07433772458764554
 626 -378117.6319007533 0.38 0.28583760333745817 0 0 0.813 0.44599999999999995 0.8220000000000001 0 0.05599999999999994 0.21099999999999997 0.8549999999999999 0 0.21099999999999997 0.07432479332508368
 627 -369850.9679160637 0.36 0.2656666543598249 0 0 0.813 0.44599999999999995 0.8220000000000001 0 0.05599999999999994 0.21099999999999997 0.8549999999999999 0 0.21099999999999997 0.0806666912803502
 628 -373956.60790845973 0.38 0.28424150667758336 0 0 0.813 0.44599999999999995 0.8220000000000001 0 0.05599999999999994 0.21099999999999997 0.8549999999999999 0 0.21099999999999997 0.07751698664483331
 629 -378067.063900847 0.28 0.20081820632943884 0 0 0.813 0.44599999999999995 0.8220000000000001 0 0.05599999999999994 0.21099999999999997 0.8549999999999999 0 0.21099999999999997 0.07436358734112236
 630 -369846.15191607253 0.30000000000000004 0.21466480702572782 0 0 0.813 0.44599999999999995 0.8220000000000001 0 0.05599999999999994 0.21099999999999997 0.8549999999999999 0 0.21099999999999997 0.08067038594854437
 631 -361610.79193132475 0.38 0.27950586571972563 0 0 0.813 0.44599999999999995 0.8220000000000001 0 0.05599999999999994 0.21099999999999997 0.8549999999999999 0 0.21099999999999997 0.08698826856054875
 632 -365718.8399237165 0.31999999999999995 0.2300816417045326 0 0 0.813 0.44599999999999995 0.8220000000000001 0 0.05599999999999994 0.21099999999999997 0.8549999999999999 0 0.21099999999999997 0.08383671659093472
 633 -349238.4879542388 0.33999999999999997 0.24076006442433406 0 0 0.813 0.44599999999999995 0.8220000000000001 0 0.05599999999999994 0.21099999999999997 0.8549999999999999 0 0.21099999999999997 0.09647987115133183
 634 -345128.0319618516 0.30000000000000004 0.2051833647724785 0 0 0.813 0.44599999999999995 0.8220000000000001 0 0.05599999999999994 0.21099999999999997 0.8549999999999999 0 0.21099999999999997 0.099633270455043
 635 -349238.4879542388 0.31999999999999995 0.22376006442433405 0 0 0.813 0.44599999999999995 0.8220000000000001 0 0.05599999999999994 0.21099999999999997 0.8549999999999999 0 0.21099999999999997 0.09647987115133183
 636 -353363.39194659935 0.28 0.19134230607848077 1 0 0.813 0.44599999999999995 0.8220000000000001 0 0.05599999999999994 0.21099999999999997 0.8549999999999999 0 0.21099999999999997 0.0933153878430385
 637 -357478.6638886251 0.30000000000000004 0.20992085304511904 0 0 0.33399999999999996 0.814 0.9630000000000001 0 0 0.579 0.9959999999999999 0.14100000000000001 0.579 0.09015829390976193
 638 -353356.1679025602 0.30000000000000004 0.20833953506043734 0 0 0.33399999999999996 0.814 0.9630000000000001 0 0 0.579 0.9959999999999999 0.14100000000000001 0.579 0.09332092987912533
 639 -345130.43993036525 0.19999999999999996 0.12018428842745119 0 0 0.33399999999999996 0.814 0.9630000000000001 0 0 0.579 0.9959999999999999 0.14100000000000001 0.579 0.09963142314509754
 640 -345130.43993036525 0.30000000000000004 0.20518428842745118 1 1 0.33399999999999996 0.814 0.9630000000000001 0 0 0.579 0.9959999999999999 0.14100000000000001 0.579 0.09963142314509765
 641 -336892.6719915306 0.26 0.16802442347201021 1 0 0.4630000000000001 0.16500000000000004 0.334 0.16500000000000004 0.30100000000000005 0 0.7210000000000001 0.556 0.35500000000000004 0.10595115305597957
 642 -336895.0799976891 0.26 0.16802534714142273 0 0 0.18200000000000005 0.04500000000000004 0.21400000000000002 0.261 0.18100000000000005 0 0.44000000000000006 0.652 0.451 0.10594930571715455
 643 -336890.26399768994 0.33999999999999997 0.2360234998073225 0 0 0.18200000000000005 0.04500000000000004 0.21400000000000002 0.261 0.18100000000000005 0 0.44000000000000006 0.652 0.451 0.10595300038535493
 644 -336887.8559976904 0.26 0.16802257614027252 0 0 0.18200000000000005 0.04500000000000004 0.21400000000000002 0.261 0.18100000000000005 0 0.44000000000000006 0.652 0.451 0.10595484771945496
 645 -341015.167996919 0.21999999999999997 0.13560574146410395 0 0 0.18200000000000005 0.04500000000000004 0.21400000000000002 0.261 0.18100000000000005 0 0.44000000000000006 0.652 0.451 0.10278851707179204
 646 -341010.35199691996 0.26 0.16960389413000385 0 0 0.18200000000000005 0.04500000000000004 0.21400000000000002 0.261 0.18100000000000005 0 0.44000000000000006 0.652 0.451 0.10279221173999231
 647 -332770.1759984599 0.31999999999999995 0.21744310548464135 0 0 0.18200000000000005 0.04500000000000004 0.21400000000000002 0.261 0.18100000000000005 0 0.44000000000000006 0.652 0.451 0.10911378903071722
 648 -336885.4479976909 0.21999999999999997 0.13402165247322242 1 0 0.18200000000000005 0.04500000000000004 0.21400000000000002 0.261 0.18100000000000005 0 0.44000000000000006 0.652 0.451 0.1059566950535551
 649 -332760.54399118276 0.31999999999999995 0.21743941081364887 0 0 0.5740000000000001 0.258 0.427 0.474 0.5730000000000001 0.392 0.3960000000000001 0.6080000000000001 0.40700000000000003 0.10912117837270219
 650 -328640.45599559654 0.30000000000000004 0.19885901649236537 0 0 0.5740000000000001 0.258 0.427 0.474 0.5730000000000001 0.392 0.3960000000000001 0.6080000000000001 0.40700000000000003 0.11228196701526927
 651 -340998.3119823578 0.28 0.18659927578916682 0 0 0.5740000000000001 0.258 0.427 0.474 0.5730000000000001 0.392 0.3960000000000001 0.6080000000000001 0.40700000000000003 0.10280144842166639
 652 -349216.81597355334 0.26 0.1727517514282905 0 0 0.5740000000000001 0.258 0.427 0.474 0.5730000000000001 0.392 0.3960000000000001 0.6080000000000001 0.40700000000000003 0.09649649714341901
 653 -328662.12799557333 0.21999999999999997 0.13086732949580873 0 0 0.5740000000000001 0.258 0.427 0.474 0.5730000000000001 0.392 0.3960000000000001 0.6080000000000001 0.40700000000000003 0.11226534100838248
 654 -324532.40799999743 0.30000000000000004 0.19728324050632817 1 1 0.5740000000000001 0.258 0.427 0.474 0.5730000000000001 0.392 0.3960000000000001 0.6080000000000001 0.40700000000000003 0.11543351898734366
 655 -324530 0.31999999999999995 0.21428231683927884 1 0 0.8119999999999999 0 0.44399999999999995 0.31100000000000005 0 1 0.31500000000000006 1 0.764 0.11543536632144225
 656 -324532.40799999697 0.24 0.14628324050632793 1 0 0.44599999999999995 0.30500000000000005 0.7669999999999999 0.6160000000000001 0.32299999999999995 1 0 0.634 1 0.11543351898734411
 657 -324530 0.38 0.2652823168392789 1 1 0.8089999999999999 0.24000000000000005 0.702 1 0.725 1 0.363 0.997 0.935 0.11543536632144225
 658 -328657.31199549267 0.38 0.2668654821616773 0 0 0.498 0.263 0.772 0.30699999999999994 0.15100000000000002 0.22900000000000004 0.571 0.475 0.623 0.11226903567664537
 659 -328657.31199549267 0.31999999999999995 0.21586548216167728 0 0 0.498 0.263 0.772 0.30699999999999994 0.15100000000000002 0.22900000000000004 0.571 0.475 0.623 0.11226903567664537
 660 -328654.9039954953 0.30000000000000004 0.19886455849462803 0 0 0.498 0.263 0.772 0.30699999999999994 0.15100000000000002 0.22900000000000004 0.571 0.475 0.623 0.11227088301074395
 661 -324556.4879999711 0.26 0.16329247717682052 0 0 0.498 0.263 0.772 0.30699999999999994 0.15100000000000002 0.22900000000000004 0.571 0.475 0.623 0.11541504564635896
 662 -324539.6319999895 0.38 0.2652860115074758 0 0 0.498 0.263 0.772 0.30699999999999994 0.15100000000000002 0.22900000000000004 0.571 0.475 0.623 0.11542797698504836
 663 -328647.6799955032 0.38 0.2668617874934804 0 0 0.498 0.263 0.772 0.30699999999999994 0.15100000000000002 0.22900000000000004 0.571 0.475 0.623 0.11227642501303925
 664 -336890.26398650167 0.28 0.18502349980303093 0 0 0.498 0.263 0.772 0.30699999999999994 0.15100000000000002 0.22900000000000004 0.571 0.475 0.623 0.10595300039393818
 665 -324530 0.31999999999999995 0.21428231683927884 0 0 0.498 0.263 0.772 0.30699999999999994 0.15100000000000002 0.22900000000000004 0.571 0.475 0.623 0.11543536632144225
 666 -324530 0.36 0.24828231683927887 0 0 0.498 0.263 0.772 0.30699999999999994 0.15100000000000002 0.22900000000000004 0.571 0.475 0.623 0.11543536632144225
 667 -324532.4079999974 0.38 0.2652832405063282 0 0 0.498 0.263 0.772 0.30699999999999994 0.15100000000000002 0.22900000000000004 0.571 0.475 0.623 0.11543351898734366
 668 -324530 0.4 0.2822823168392789 1 0 0.498 0.263 0.772 0.30699999999999994 0.15100000000000002 0.22900000000000004 0.571 0.475 0.623 0.11543536632144225
 669 -324530 0.28 0.1802823168392789 0 0 0.16900000000000004 0.046999999999999986 0.48 0 0 0 0.3549999999999999 0.25899999999999995 0.33099999999999996 0.11543536632144225
 670 -324530 0.42000000000000004 0.2992823168392789 0 0 0.16900000000000004 0.046999999999999986 0.48 0 0 0 0.3549999999999999 0.25899999999999995 0.33099999999999996 0.11543536632144225
 671 -324534.81599999906 0.38 0.2652841641733791 1 0 0.16900000000000004 0.046999999999999986 0.48 0 0 0 0.3549999999999999 0.25899999999999995 0.33099999999999996 0.11543167165324186
 672 -332855.7474983924 0.28 0.1834759292283822 0 0 0.16900000000000004 0.046999999999999986 0.48 0 0 0.03200000000000003 0.3549999999999999 0.25899999999999995 0.33099999999999996 0.10904814154323561
 673 -328647.67999919644 0.24 0.14786178749489695 0 0 0.16900000000000004 0.046999999999999986 0.48 0 0 0.03200000000000003 0.3549999999999999 0.25899999999999995 0.33099999999999996 0.11227642501020607
 674 -324625.2034999986 0.28 0.18031883525124617 0 0 0.16900000000000004 0.046999999999999986 0.48 0 0 0.03200000000000003 0.3549999999999999 0.25899999999999995 0.33099999999999996 0.11536232949750769
 675 -328652.4959991955 0.24 0.14786363482899714 0 0 0.16900000000000004 0.046999999999999986 0.48 0 0 0.03200000000000003 0.3549999999999999 0.25899999999999995 0.33099999999999996 0.11227273034200569
 676 -500054.6149951797 0.18000000000000005 0.15300000000000002 0 0 0.16900000000000004 0.046999999999999986 0.48 0 0 0.03200000000000003 0.3549999999999999 0.25899999999999995 0.33099999999999996 0
 677 -353389.2814943681 0.28 0.19135223686013356 0 0 0.16900000000000004 0.046999999999999986 0.48 0 0 0.03200000000000003 0.3549999999999999 0.25899999999999995 0.33099999999999996 0.09329552627973292
 678 -345134.6574959789 0.21999999999999997 0.13718590621249668 0 0 0.16900000000000004 0.046999999999999986 0.48 0 0 0.03200000000000003 0.3549999999999999 0.25899999999999995 0.33099999999999996 0.09962818757500658
 679 -341186.3109967839 0.28 0.18667138895158572 0 0 0.16900000000000004 0.046999999999999986 0.48 0 0 0.03200000000000003 0.3549999999999999 0.25899999999999995 0.33099999999999996 0.1026572220968286
 680 -337071.038997587 0.24 0.15109284196301767 0 0 0.16900000000000004 0.046999999999999986 0.48 0 0 0.03200000000000003 0.3549999999999999 0.25899999999999995 0.33099999999999996 0.10581431607396463
 681 -483310.32449839567 0.19999999999999996 0.16999999999999996 0 0 0.16900000000000004 0.046999999999999986 0.48 0 0 0.03200000000000003 0.3549999999999999 0.25899999999999995 0.33099999999999996 0
 682 -483398.30399839574 0.21999999999999997 0.18699999999999997 0 0 0.16900000000000004 0.046999999999999986 0.48 0 0 0.03200000000000003 0.3549999999999999 0.25899999999999995 0.33099999999999996 0
 683 -341017.57599678246 0.21999999999999997 0.13560666513110178 0 0 0.16900000000000004 0.046999999999999986 0.48 0 0 0.03200000000000003 0.3549999999999999 0.25899999999999995 0.33099999999999996 0.10278666973779638
 684 -345316.030995978 0.38 0.2732554779424542 0 0 0.16900000000000004 0.046999999999999986 0.48 0 0 0.03200000000000003 0.3549999999999999 0.25899999999999995 0.33099999999999996 0.09948904411509163
 685 -491548.0924967882 0.45999999999999996 0.39099999999999996 0 0 0.16900000000000004 0.046999999999999986 0.48 0 0 0.03200000000000003 0.3549999999999999 0.25899999999999995 0.33099999999999996 0
 686 -491733.6834967863 0.42000000000000004 0.35700000000000004 0 0 0.16900000000000004 0.046999999999999986 0.48 0 0 0.03200000000000003 0.3549999999999999 0.25899999999999995 0.33099999999999996 0
 687 -499605.08549518156 0.36 0.306 0 0 0.16900000000000004 0.046999999999999986 0.48 0 0 0.03200000000000003 0.3549999999999999 0.25899999999999995 0.33099999999999996 0
 688 -499783.4524951811 0.28 0.23800000000000002 0 0 0.16900000000000004 0.046999999999999986 0.48 0 0 0.03200000000000003 0.3549999999999999 0.25899999999999995 0.33099999999999996 0
 689 -341019.9839967821 0.33999999999999997 0.23760758879815186 0 0 0.16900000000000004 0.046999999999999986 0.48 0 0 0.03200000000000003 0.3549999999999999 0.25899999999999995 0.33099999999999996 0.10278482240369624
 690 -491533.64449679106 0.45999999999999996 0.39099999999999996 0 0 0.16900000000000004 0.046999999999999986 0.48 0 0 0.03200000000000003 0.3549999999999999 0.25899999999999995 0.33099999999999996 0
 691 -491448.0729967906 0.38 0.323 1 0 0.16900000000000004 0.046999999999999986 0.48 0 0 0.03200000000000003 0.3549999999999999 0.25899999999999995 0.33099999999999996 0
 692 -332762.95200000063 0.33999999999999997 0.23444033448408147 0 0 0.04200000000000004 0 0.8079999999999999 0 0 0.36 0.22799999999999992 0.08399999999999996 0.6589999999999999 0.10911933103183702
 693 -336890.26400000096 0.45999999999999996 0.33802349980820895 0 0 0.04200000000000004 0 0.8079999999999999 0 0 0.36 0.22799999999999992 0.08399999999999996 0.6589999999999999 0.10595300038358202
 694 -349240.89600000187 0.33999999999999997 0.24076098810893815 1 0 0.04200000000000004 0 0.8079999999999999 0 0 0.36 0.22799999999999992 0.08399999999999996 0.6589999999999999 0.09647802378212367
 695 -357481.07200000255 0.33999999999999997 0.24392177675489163 1 0 0.027000000000000024 0 0.5979999999999999 0 0 0.345 0.2129999999999999 0 0.4489999999999999 0.0901564464902167
 696 -357483.4799771452 0.38 0.2779227004131743 0 0 0 0.16700000000000004 0.34999999999999987 0 0.16700000000000004 0.0020000000000000018 0 0.16700000000000004 0.10599999999999993 0.09015459917365143
 697 -373971.05596571026 0.33999999999999997 0.2502470487018451 0 0 0 0.16700000000000004 0.34999999999999987 0 0.16700000000000004 0.0020000000000000018 0 0.16700000000000004 0.10599999999999993 0.07750590259630974
 698 -349250.52798285516 0.36 0.257764682770562 0 0 0 0.16700000000000004 0.34999999999999987 0 0.16700000000000004 0.0020000000000000018 0 0.16700000000000004 0.10599999999999993 0.09647063445887594
 699 -353368.2079799993 0.31999999999999995 0.22534415342539282 0 0 0 0.16700000000000004 0.34999999999999987 0 0.16700000000000004 0.0020000000000000018 0 0.16700000000000004 0.10599999999999993 0.09331169314921428
 700 -345130.43998571264 0.28 0.18818428844868149 0 0 0 0.16700000000000004 0.34999999999999987 0 0.16700000000000004 0.0020000000000000018 0 0.16700000000000004 0.10599999999999993 0.09963142310263706
 701 -349248.1199828568 0.30000000000000004 0.2067637591035124 0 0 0 0.16700000000000004 0.34999999999999987 0 0.16700000000000004 0.0020000000000000018 0 0.16700000000000004 0.10599999999999993 0.09647248179297518
 702 -357507.5599771285 0.26 0.17593193708367036 0 0 0 0.16700000000000004 0.34999999999999987 0 0.16700000000000004 0.0020000000000000018 0 0.16700000000000004 0.10599999999999993 0.09013612583265929
 703 -507959.7289771194 0.33999999999999997 0.289 1 1 0 0.16700000000000004 0.34999999999999987 0 0.16700000000000004 0.0020000000000000018 0 0.16700000000000004 0.10599999999999993 0
 704 -495575.3850000013 0.30000000000000004 0.255 0 0 0.013000000000000012 0 0.864 0.44299999999999995 0.22099999999999997 0.299 0.863 0.22099999999999997 0 0
 705 -345140.0720000015 0.24 0.15418798312236345 0 0 0.013000000000000012 0 0.864 0.44299999999999995 0.22099999999999997 0.299 0.863 0.22099999999999997 0 0.09962403375527307
 706 -487432.22200000065 0.24 0.204 0 0 0.013000000000000012 0 0.864 0.44299999999999995 0.22099999999999997 0.299 0.863 0.22099999999999997 0 0
 707 -336890.26400000096 0.31999999999999995 0.21902349980820895 0 0 0.013000000000000012 0 0.864 0.44299999999999995 0.22099999999999997 0.299 0.863 0.22099999999999997 0 0.10595300038358202
 708 -332767.7680000006 0.36 0.25144218181818206 0 0 0.013000000000000012 0 0.864 0.44299999999999995 0.22099999999999997 0.299 0.863 0.22099999999999997 0 0.10911563636363586
 709 -336887.85600000096 0.38 0.27002257614115877 0 0 0.013000000000000012 0 0.864 0.44299999999999995 0.22099999999999997 0.299 0.863 0.22099999999999997 0 0.10595484771768249
 710 -328650.0880000003 0.31999999999999995 0.21586271116225553 0 0 0.013000000000000012 0 0.864 0.44299999999999995 0.22099999999999997 0.299 0.863 0.22099999999999997 0 0.11227457767548887
 711 -328657.3120000003 0.38 0.2668654821634064 0 0 0.013000000000000012 0 0.864 0.44299999999999995 0.22099999999999997 0.299 0.863 0.22099999999999997 0 0.11226903567318725
 712 -324530 0.30000000000000004 0.19728231683927888 0 0 0.013000000000000012 0 0.864 0.44299999999999995 0.22099999999999997 0.299 0.863 0.22099999999999997 0 0.11543536632144225
 713 -324534.816 0.4 0.2822841641733794 1 0 0.013000000000000012 0 0.864 0.44299999999999995 0.22099999999999997 0.299 0.863 0.22099999999999997 0 0.1154316716532412
 714 -324534.816 0.36 0.2482841641733794 0 0 0.41700000000000004 0 0.75 0.24199999999999994 0.625 0.09799999999999998 1 0.019999999999999962 0 0.1154316716532412
 715 -324534.816 0.31999999999999995 0.21428416417337937 0 0 0.41700000000000004 0 0.75 0.24199999999999994 0.625 0.09799999999999998 1 0.019999999999999962 0 0.1154316716532412
 716 -324530 0.30000000000000004 0.19728231683927888 0 0 0.41700000000000004 0 0.75 0.24199999999999994 0.625 0.09799999999999998 1 0.019999999999999962 0 0.11543536632144225
 717 -324530 0.21999999999999997 0.12928231683927885 0 0 0.41700000000000004 0 0.75 0.24199999999999994 0.625 0.09799999999999998 1 0.019999999999999962 0 0.11543536632144225
 718 -324539.632 0.21999999999999997 0.12928601150747984 0 0 0.41700000000000004 0 0.75 0.24199999999999994 0.625 0.09799999999999998 1 0.019999999999999962 0 0.11542797698504026
 719 -328657.3120000003 0.21999999999999997 0.13086548216340635 0 0 0.41700000000000004 0 0.75 0.24199999999999994 0.625 0.09799999999999998 1 0.019999999999999962 0 0.11226903567318725
 720 -328654.90400000033 0.30000000000000004 0.1988645584963561 0 0 0.41700000000000004 0 0.75 0.24199999999999994 0.625 0.09799999999999998 1 0.019999999999999962 0 0.11227088300728782
 721 -328652.49600000033 0.19999999999999996 0.11386363482930575 0 0 0.41700000000000004 0 0.75 0.24199999999999994 0.625 0.09799999999999998 1 0.019999999999999962 0 0.1122727303413884
 722 -332767.7680000006 0.18000000000000005 0.0984421818181821 0 0 0.41700000000000004 0 0.75 0.24199999999999994 0.625 0.09799999999999998 1 0.019999999999999962 0 0.10911563636363586
 723 -324534.816 0.26 0.1632841641733794 0 0 0.41700000000000004 0 0.75 0.24199999999999994 0.625 0.09799999999999998 1 0.019999999999999962 0 0.1154316716532412
 724 -328650.0880000003 0.42000000000000004 0.30086271116225566 0 0 0.41700000000000004 0 0.75 0.24199999999999994 0.625 0.09799999999999998 1 0.019999999999999962 0 0.11227457767548876
 725 -324530 0.30000000000000004 0.19728231683927888 0 0 0.41700000000000004 0 0.75 0.24199999999999994 0.625 0.09799999999999998 1 0.019999999999999962 0 0.11543536632144225
 726 -324534.816 0.31999999999999995 0.21428416417337937 0 0 0.41700000000000004 0 0.75 0.24199999999999994 0.625 0.09799999999999998 1 0.019999999999999962 0 0.1154316716532412
 727 -324530 0.19999999999999996 0.11228231683927883 0 0 0.41700000000000004 0 0.75 0.24199999999999994 0.625 0.09799999999999998 1 0.019999999999999962 0 0.11543536632144225
 728 -324530 0.30000000000000004 0.19728231683927888 0 0 0.41700000000000004 0 0.75 0.24199999999999994 0.625 0.09799999999999998 1 0.019999999999999962 0 0.11543536632144225
 729 -324530 0.30000000000000004 0.19728231683927888 0 0 0.41700000000000004 0 0.75 0.24199999999999994 0.625 0.09799999999999998 1 0.019999999999999962 0 0.11543536632144225
 730 -324530 0.31999999999999995 0.21428231683927884 0 0 0.41700000000000004 0 0.75 0.24199999999999994 0.625 0.09799999999999998 1 0.019999999999999962 0 0.11543536632144225
 731 -324530 0.38 0.2652823168392789 0 0 0.41700000000000004 0 0.75 0.24199999999999994 0.625 0.09799999999999998 1 0.019999999999999962 0 0.11543536632144225
 732 -324530 0.38 0.2652823168392789 0 0 0.41700000000000004 0 0.75 0.24199999999999994 0.625 0.09799999999999998 1 0.019999999999999962 0 0.11543536632144225
 733 -479092.625 0.4 0.34 1 1 0.41700000000000004 0 0.75 0.24199999999999994 0.625 0.09799999999999998 1 0.019999999999999962 0 0
 734 -633658.868988464 0.38 0.323 0 0 0.22799999999999998 0.3370000000000001 0.08799999999999997 0.08799999999999997 0.119 0.5650000000000001 0.9970000000000001 0.841 0.30600000000000005 0
 735 -633836.0249884638 0.33999999999999997 0.289 1 0 0.22799999999999998 0.3370000000000001 0.08799999999999997 0.08799999999999997 0.119 0.5650000000000001 0.9970000000000001 0.841 0.30600000000000005 0
 736 -791315.7389765412 0.26 0.221 0 0 0.23399999999999999 0.3430000000000001 0.09399999999999997 0 0 0.7340000000000001 1 0.595 0.4750000000000001 0
 737 -1410018.1764530751 0.28 0.23800000000000002 0 0 0.23399999999999999 0.3430000000000001 0.09399999999999997 0 0 0.7340000000000001 1 0.595 0.4750000000000001 0
 738 -1098156.612470658 0.33999999999999997 0.289 0 0 0.23399999999999999 0.3430000000000001 0.09399999999999997 0 0 0.7340000000000001 1 0.595 0.4750000000000001 0
 739 -1255354.3069589613 0.31999999999999995 0.27199999999999996 0 0 0.23399999999999999 0.3430000000000001 0.09399999999999997 0 0 0.7340000000000001 1 0.595 0.4750000000000001 0
 740 -1561754.0999530747 0.26 0.221 0 0 0.23399999999999999 0.3430000000000001 0.09399999999999997 0 0 0.7340000000000001 1 0.595 0.4750000000000001 0
 741 -1406920.3124589473 0.30000000000000004 0.255 0 0 0.23399999999999999 0.3430000000000001 0.09399999999999997 0 0 0.7340000000000001 1 0.595 0.4750000000000001 0
 742 -787856.324982427 0.28 0.23800000000000002 1 0 0.23399999999999999 0.3430000000000001 0.09399999999999997 0 0 0.7340000000000001 1 0.595 0.4750000000000001 0
 743 -788669.8125 0.19999999999999996 0.16999999999999996 0 0 0 0 0.16199999999999992 0 0.06799999999999995 0.4090000000000001 0.675 0.26999999999999996 0.543 0
 744 -788669.8125 0.21999999999999997 0.18699999999999997 0 0 0 0 0.16199999999999992 0 0.06799999999999995 0.4090000000000001 0.675 0.26999999999999996 0.543 0
 745 -479273.4 0.31999999999999995 0.27199999999999996 0 0 0 0 0.16199999999999992 0 0.06799999999999995 0.4090000000000001 0.675 0.26999999999999996 0.543 0
 746 -327622.43549999973 0.38 0.26646852148062894 0 0 0 0 0.16199999999999992 0 0.06799999999999995 0.4090000000000001 0.675 0.26999999999999996 0.543 0.11306295703874214
 747 -324530 0.36 0.24828231683927887 0 0 0 0 0.16199999999999992 0 0.06799999999999995 0.4090000000000001 0.675 0.26999999999999996 0.543 0.11543536632144225
 748 -324530 0.31999999999999995 0.21428231683927884 0 0 0 0 0.16199999999999992 0 0.06799999999999995 0.4090000000000001 0.675 0.26999999999999996 0.543 0.11543536632144225
 749 -324530 0.33999999999999997 0.23128231683927886 0 0 0 0 0.16199999999999992 0 0.06799999999999995 0.4090000000000001 0.675 0.26999999999999996 0.543 0.11543536632144225
 750 -324530 0.43999999999999995 0.3162823168392788 0 0 0 0 0.16199999999999992 0 0.06799999999999995 0.4090000000000001 0.675 0.26999999999999996 0.543 0.11543536632144225
 751 -324530 0.36 0.24828231683927887 0 0 0 0 0.16199999999999992 0 0.06799999999999995 0.4090000000000001 0.675 0.26999999999999996 0.543 0.11543536632144225
 752 -324530 0.30000000000000004 0.19728231683927888 0 0 0 0 0.16199999999999992 0 0.06799999999999995 0.4090000000000001 0.675 0.26999999999999996 0.543 0.11543536632144225
 753 -324530 0.24 0.14628231683927886 1 0 0 0 0.16199999999999992 0 0.06799999999999995 0.4090000000000001 0.675 0.26999999999999996 0.543 0.11543536632144225
 754 -324530 0.24 0.14628231683927886 0 0 0.131 0.07099999999999995 0.23299999999999987 0.131 0.1389999999999999 0.54 1 0.6599999999999999 0.933 0.11543536632144225
 755 -324530 0.21999999999999997 0.12928231683927885 0 0 0.131 0.07099999999999995 0.23299999999999987 0.131 0.1389999999999999 0.54 1 0.6599999999999999 0.933 0.11543536632144225
 756 -324530 0.28 0.1802823168392789 0 0 0.131 0.07099999999999995 0.23299999999999987 0.131 0.1389999999999999 0.54 1 0.6599999999999999 0.933 0.11543536632144225
 757 -324530 0.33999999999999997 0.23128231683927886 0 0 0.131 0.07099999999999995 0.23299999999999987 0.131 0.1389999999999999 0.54 1 0.6599999999999999 0.933 0.11543536632144225
 758 -324530 0.26 0.16328231683927888 0 0 0.131 0.07099999999999995 0.23299999999999987 0.131 0.1389999999999999 0.54 1 0.6599999999999999 0.933 0.11543536632144225
 759 -324530 0.31999999999999995 0.21428231683927884 0 0 0.131 0.07099999999999995 0.23299999999999987 0.131 0.1389999999999999 0.54 1 0.6599999999999999 0.933 0.11543536632144225
 760 -324530 0.30000000000000004 0.19728231683927888 0 0 0.131 0.07099999999999995 0.23299999999999987 0.131 0.1389999999999999 0.54 1 0.6599999999999999 0.933 0.11543536632144225
 761 -324530 0.30000000000000004 0.19728231683927888 0 0 0.131 0.07099999999999995 0.23299999999999987 0.131 0.1389999999999999 0.54 1 0.6599999999999999 0.933 0.11543536632144225
 762 -324530 0.42000000000000004 0.2992823168392789 0 0 0.131 0.07099999999999995 0.23299999999999987 0.131 0.1389999999999999 0.54 1 0.6599999999999999 0.933 0.11543536632144225
 763 -324530 0.31999999999999995 0.21428231683927884 0 0 0.131 0.07099999999999995 0.23299999999999987 0.131 0.1389999999999999 0.54 1 0.6599999999999999 0.933 0.11543536632144225
 764 -324530 0.31999999999999995 0.21428231683927884 1 0 0.131 0.07099999999999995 0.23299999999999987 0.131 0.1389999999999999 0.54 1 0.6599999999999999 0.933 0.11543536632144225
 765 -324530 0.4 0.2822823168392789 0 0 0.529 0.351 0.6309999999999999 0.12 0.1279999999999999 0.9380000000000001 1 0.94 0.922 0.11543536632144225
 766 -324530 0.52 0.3842823168392789 1 1 0.529 0.351 0.6309999999999999 0.12 0.1279999999999999 0.9380000000000001 1 0.94 0.922 0.11543536632144225
 767 -324530 0.42000000000000004 0.2992823168392789 0 0 0.49199999999999994 0 0.767 0 0.48799999999999993 0.43100000000000005 0.22799999999999992 0.879 0 0.11543536632144225
 768 -324530 0.33999999999999997 0.23128231683927886 0 0 0.49199999999999994 0 0.767 0 0.48799999999999993 0.43100000000000005 0.22799999999999992 0.879 0 0.11543536632144225
 769 -324530 0.38 0.2652823168392789 0 0 0.49199999999999994 0 0.767 0 0.48799999999999993 0.43100000000000005 0.22799999999999992 0.879 0 0.11543536632144225
 770 -324530 0.36 0.24828231683927887 0 0 0.49199999999999994 0 0.767 0 0.48799999999999993 0.43100000000000005 0.22799999999999992 0.879 0 0.11543536632144225
 771 -324530 0.42000000000000004 0.2992823168392789 0 0 0.49199999999999994 0 0.767 0 0.48799999999999993 0.43100000000000005 0.22799999999999992 0.879 0 0.11543536632144225
 772 -324530 0.31999999999999995 0.21428231683927884 0 0 0.49199999999999994 0 0.767 0 0.48799999999999993 0.43100000000000005 0.22799999999999992 0.879 0 0.11543536632144225
 773 -324530 0.30000000000000004 0.19728231683927888 0 0 0.49199999999999994 0 0.767 0 0.48799999999999993 0.43100000000000005 0.22799999999999992 0.879 0 0.11543536632144225
 774 -324530 0.33999999999999997 0.23128231683927886 0 0 0.49199999999999994 0 0.767 0 0.48799999999999993 0.43100000000000005 0.22799999999999992 0.879 0 0.11543536632144225
 775 -324710.775 0.42000000000000004 0.2993516589950134 1 0 0.49199999999999994 0 0.767 0 0.48799999999999993 0.43100000000000005 0.22799999999999992 0.879 0 0.11529668200997323
 776 -324530 0.36 0.24828231683927887 0 0 0.984 0.492 0.55 0.44199999999999995 0.2709999999999999 0.873 0.010999999999999899 1 0.44199999999999995 0.11543536632144225
 777 -324530 0.4 0.2822823168392789 0 0 0.984 0.492 0.55 0.44199999999999995 0.2709999999999999 0.873 0.010999999999999899 1 0.44199999999999995 0.11543536632144225
 778 -324530 0.31999999999999995 0.21428231683927884 0 0 0.984 0.492 0.55 0.44199999999999995 0.2709999999999999 0.873 0.010999999999999899 1 0.44199999999999995 0.11543536632144225
 779 -324530 0.4 0.2822823168392789 1 0 0.984 0.492 0.55 0.44199999999999995 0.2709999999999999 0.873 0.010999999999999899 1 0.44199999999999995 0.11543536632144225
 780 -324530 0.45999999999999996 0.33328231683927884 0 0 1 0.657 0.7150000000000001 0.6729999999999999 0.5019999999999999 0.938 0.24199999999999988 1 0.5069999999999999 0.11543536632144225
 781 -324530 0.42000000000000004 0.2992823168392789 0 0 1 0.657 0.7150000000000001 0.6729999999999999 0.5019999999999999 0.938 0.24199999999999988 1 0.5069999999999999 0.11543536632144225
 782 -327624.24498876475 0.4 0.2834692155691464 1 0 1 0.657 0.7150000000000001 0.6729999999999999 0.5019999999999999 0.938 0.24199999999999988 1 0.5069999999999999 0.11306156886170726
 783 -324530 0.28 0.1802823168392789 0 0 0.5660000000000001 0.28300000000000003 0.2810000000000001 0.29899999999999993 0.41799999999999987 0.8539999999999999 0 0.9159999999999999 0.1329999999999999 0.11543536632144225
 784 -324530 0.38 0.2652823168392789 0 0 0.5660000000000001 0.28300000000000003 0.2810000000000001 0.29899999999999993 0.41799999999999987 0.8539999999999999 0 0.9159999999999999 0.1329999999999999 0.11543536632144225
 785 -324530 0.42000000000000004 0.2992823168392789 1 1 0.5660000000000001 0.28300000000000003 0.2810000000000001 0.29899999999999993 0.41799999999999987 0.8539999999999999 0 0.9159999999999999 0.1329999999999999 0.11543536632144225
 786 -324530 0.42000000000000004 0.2992823168392789 0 0 0.03200000000000003 0 0 0.32699999999999996 0 0.03200000000000003 0.704 1 0.48500000000000004 0.11543536632144225
 787 -324530 0.36 0.24828231683927887 0 0 0.03200000000000003 0 0 0.32699999999999996 0 0.03200000000000003 0.704 1 0.48500000000000004 0.11543536632144225
 788 -324531.8095 0.33999999999999997 0.23128301093210585 0 0 0.03200000000000003 0 0 0.32699999999999996 0 0.03200000000000003 0.704 1 0.48500000000000004 0.11543397813578826
 789 -324530 0.4 0.2822823168392789 0 0 0.03200000000000003 0 0 0.32699999999999996 0 0.03200000000000003 0.704 1 0.48500000000000004 0.11543536632144225
 790 -324530 0.24 0.14628231683927886 0 0 0.03200000000000003 0 0 0.32699999999999996 0 0.03200000000000003 0.704 1 0.48500000000000004 0.11543536632144225
 791 -324535.4285 0.28 0.18028439911775987 0 0 0.03200000000000003 0 0 0.32699999999999996 0 0.03200000000000003 0.704 1 0.48500000000000004 0.1154312017644803
 792 -479094.43450000003 0.28 0.23800000000000002 0 0 0.03200000000000003 0 0 0.32699999999999996 0 0.03200000000000003 0.704 1 0.48500000000000004 0
 793 -324530 0.38 0.2652823168392789 0 0 0.03200000000000003 0 0 0.32699999999999996 0 0.03200000000000003 0.704 1 0.48500000000000004 0.11543536632144225
 794 -324530 0.48 0.35028231683927885 0 0 0.03200000000000003 0 0 0.32699999999999996 0 0.03200000000000003 0.704 1 0.48500000000000004 0.11543536632144225
 795 -324530 0.33999999999999997 0.23128231683927886 0 0 0.03200000000000003 0 0 0.32699999999999996 0 0.03200000000000003 0.704 1 0.48500000000000004 0.11543536632144225
 796 -324530 0.33999999999999997 0.23128231683927886 0 0 0.03200000000000003 0 0 0.32699999999999996 0 0.03200000000000003 0.704 1 0.48500000000000004 0.11543536632144225
 797 -324530 0.30000000000000004 0.19728231683927888 0 0 0.03200000000000003 0 0 0.32699999999999996 0 0.03200000000000003 0.704 1 0.48500000000000004 0.11543536632144225
 798 -324530 0.33999999999999997 0.23128231683927886 1 0 0.03200000000000003 0 0 0.32699999999999996 0 0.03200000000000003 0.704 1 0.48500000000000004 0.11543536632144225
 799 -324530 0.30000000000000004 0.19728231683927888 0 0 0.477 0.43400000000000005 0.43400000000000005 0.761 0.44499999999999995 0.33000000000000007 1 1 0.7830000000000001 0.11543536632144225
 800 -324530 0.42000000000000004 0.2992823168392789 1 0 0.477 0.43400000000000005 0.43400000000000005 0.761 0.44499999999999995 0.33000000000000007 1 1 0.7830000000000001 0.11543536632144225
 801 -324530 0.38 0.2652823168392789 0 0 0.477 0.43400000000000005 0.43400000000000005 0.761 0.44499999999999995 0.33000000000000007 0.44700000000000006 1 0.7830000000000001 0.11543536632144225
 802 -324530 0.36 0.24828231683927887 0 0 0.477 0.43400000000000005 0.43400000000000005 0.761 0.44499999999999995 0.33000000000000007 0.44700000000000006 1 0.7830000000000001 0.11543536632144225
 803 -324530 0.30000000000000004 0.19728231683927888 1 0 0.477 0.43400000000000005 0.43400000000000005 0.761 0.44499999999999995 0.33000000000000007 0.44700000000000006 1 0.7830000000000001 0.11543536632144225
 804 -324530 0.36 0.24828231683927887 1 1 0.22399999999999998 0.7070000000000001 0.18100000000000005 0.5720000000000001 0.25599999999999995 0.6030000000000001 0.19400000000000006 0.8109999999999999 1 0.11543536632144225
 805 -324530 0.24 0.14628231683927886 0 0 0 0.764 0.46099999999999997 0 0 0.46099999999999997 0.2819999999999999 0.278 0 0.11543536632144225
 806 -479183.0124869317 0.33999999999999997 0.289 0 0 0 0.764 0.46099999999999997 0 0 0.46099999999999997 0.2819999999999999 0.278 0 0
 807 -324530 0.31999999999999995 0.21428231683927884 0 0 0 0.764 0.46099999999999997 0 0 0.46099999999999997 0.2819999999999999 0.278 0 0.11543536632144225
 808 -324530 0.33999999999999997 0.23128231683927886 0 0 0 0.764 0.46099999999999997 0 0 0.46099999999999997 0.2819999999999999 0.278 0 0.11543536632144225
 809 -324530 0.4 0.2822823168392789 0 0 0 0.764 0.46099999999999997 0 0 0.46099999999999997 0.2819999999999999 0.278 0 0.11543536632144225
 810 -324530 0.4 0.2822823168392789 0 0 0 0.764 0.46099999999999997 0 0 0.46099999999999997 0.2819999999999999 0.278 0 0.11543536632144225
 811 -324530 0.24 0.14628231683927886 0 0 0 0.764 0.46099999999999997 0 0 0.46099999999999997 0.2819999999999999 0.278 0 0.11543536632144225
 812 -324530 0.26 0.16328231683927888 0 0 0 0.764 0.46099999999999997 0 0 0.46099999999999997 0.2819999999999999 0.278 0 0.11543536632144225
 813 -324530 0.21999999999999997 0.12928231683927885 0 0 0 0.764 0.46099999999999997 0 0 0.46099999999999997 0.2819999999999999 0.278 0 0.11543536632144225
 814 -324530 0.24 0.14628231683927886 0 0 0 0.764 0.46099999999999997 0 0 0.46099999999999997 0.2819999999999999 0.278 0 0.11543536632144225
 815 -324530 0.26 0.16328231683927888 0 0 0 0.764 0.46099999999999997 0 0 0.46099999999999997 0.2819999999999999 0.278 0 0.11543536632144225
 816 -324530 0.31999999999999995 0.21428231683927884 1 1 0 0.764 0.46099999999999997 0 0 0.46099999999999997 0.2819999999999999 0.278 0 0.11543536632144225
 817 -328647.67999466526 0.38 0.2668617874931589 0 0 0.546 0.31200000000000006 0.05499999999999999 0.07499999999999996 0.038000000000000034 0.039000000000000035 0.613 0.061000000000000054 0.039000000000000035 0.11227642501368218
 818 -328647.67999466526 0.36 0.2498617874931589 0 0 0.546 0.31200000000000006 0.05499999999999999 0.07499999999999996 0.038000000000000034 0.039000000000000035 0.613 0.061000000000000054 0.039000000000000035 0.11227642501368218
 819 -332765.35998933046 0.31999999999999995 0.21744125814703885 0 0 0.546 0.31200000000000006 0.05499999999999999 0.07499999999999996 0.038000000000000034 0.039000000000000035 0.613 0.061000000000000054 0.039000000000000035 0.10911748370592222
 820 -336887.8559839895 0.31999999999999995 0.21902257613501697 1 1 0.546 0.31200000000000006 0.05499999999999999 0.07499999999999996 0.038000000000000034 0.039000000000000035 0.613 0.061000000000000054 0.039000000000000035 0.105954847729966
 821 -336887.8559655646 0.4 0.28702257612794957 0 0 0.131 0.671 0.368 0 0.131 0.131 0.36299999999999993 0.671 0.23000000000000004 0.10595484774410091
 822 -328650.0879885193 0.30000000000000004 0.1988627111578517 0 0 0.131 0.671 0.368 0 0.131 0.131 0.36299999999999993 0.671 0.23000000000000004 0.1122745776842966
 823 -328647.67998852604 0.24 0.147861787490804 0 0 0.131 0.671 0.368 0 0.131 0.131 0.36299999999999993 0.671 0.23000000000000004 0.11227642501839197
 824 -336887.8559655646 0.28 0.18502257612794956 0 0 0.131 0.671 0.368 0 0.131 0.131 0.36299999999999993 0.671 0.23000000000000004 0.10595484774410091
 825 -340991.0879541309 0.31999999999999995 0.22059650477718867 0 0 0.131 0.671 0.368 0 0.131 0.131 0.36299999999999993 0.671 0.23000000000000004 0.10280699044562258
 826 -345123.21594261663 0.30000000000000004 0.20518151743099983 0 0 0.131 0.671 0.368 0 0.131 0.131 0.36299999999999993 0.671 0.23000000000000004 0.09963696513800036
 827 -341005.53595409065 0.30000000000000004 0.2036020467794748 1 0 0.131 0.671 0.368 0 0.131 0.131 0.36299999999999993 0.671 0.23000000000000004 0.10279590644105041
 828 -341015.1679540638 0.38 0.2716057414476654 0 0 0.15900000000000003 0.671 0.368 0 0.131 0.131 0.36299999999999993 0.671 0.23000000000000004 0.10278851710466919
 829 -336892.6719655512 0.36 0.2530244234620449 1 1 0.15900000000000003 0.671 0.368 0 0.131 0.131 0.36299999999999993 0.671 0.23000000000000004 0.10595115307591019
 830 -332767.7680000006 0.26 0.16644218181818207 0 0 0.43400000000000005 0 0 0.43400000000000005 0 0.20900000000000007 0.41800000000000004 0.5900000000000001 0.6110000000000001 0.10911563636363586
 831 -328650.0880000003 0.26 0.16486271116225557 1 1 0.43400000000000005 0 0 0.43400000000000005 0 0.20900000000000007 0.41800000000000004 0.5900000000000001 0.6110000000000001 0.11227457767548887
 832 -328650.0879947817 0.24 0.14786271116025382 0 0 0.11199999999999999 0.30500000000000005 0.030000000000000027 0.030000000000000027 0.30500000000000005 0.3610000000000001 0.758 0.11199999999999999 0.29300000000000004 0.11227457767949234
 833 -328647.6799947847 0.24 0.14786178749320475 0 0 0.11199999999999999 0.30500000000000005 0.030000000000000027 0.030000000000000027 0.30500000000000005 0.3610000000000001 0.758 0.11199999999999999 0.29300000000000004 0.11227642501359048
 834 -328650.0879947817 0.21999999999999997 0.1308627111602538 0 0 0.11199999999999999 0.30500000000000005 0.030000000000000027 0.030000000000000027 0.30500000000000005 0.3610000000000001 0.758 0.11199999999999999 0.29300000000000004 0.11227457767949234
 835 -324530 0.28 0.1802823168392789 0 0 0.11199999999999999 0.30500000000000005 0.030000000000000027 0.030000000000000027 0.30500000000000005 0.3610000000000001 0.758 0.11199999999999999 0.29300000000000004 0.11543536632144225
 836 -324532.40799999697 0.42000000000000004 0.299283240506328 0 0 0.11199999999999999 0.30500000000000005 0.030000000000000027 0.030000000000000027 0.30500000000000005 0.3610000000000001 0.758 0.11199999999999999 0.29300000000000004 0.11543351898734411
 837 -324530 0.33999999999999997 0.23128231683927886 0 0 0.11199999999999999 0.30500000000000005 0.030000000000000027 0.030000000000000027 0.30500000000000005 0.3610000000000001 0.758 0.11199999999999999 0.29300000000000004 0.11543536632144225
 838 -324530 0.30000000000000004 0.19728231683927888 0 0 0.11199999999999999 0.30500000000000005 0.030000000000000027 0.030000000000000027 0.30500000000000005 0.3610000000000001 0.758 0.11199999999999999 0.29300000000000004 0.11543536632144225
 839 -324532.40799999697 0.33999999999999997 0.23128324050632793 1 0 0.11199999999999999 0.30500000000000005 0.030000000000000027 0.030000000000000027 0.30500000000000005 0.3610000000000001 0.758 0.11199999999999999 0.29300000000000004 0.11543351898734411
 840 -324530 0.31999999999999995 0.21428231683927884 0 0 0.44799999999999995 0.2690000000000001 0.366 0.361 0.2690000000000001 0.6970000000000001 1 0.07600000000000001 0.624 0.11543536632144225
 841 -324530 0.28 0.1802823168392789 0 0 0.44799999999999995 0.2690000000000001 0.366 0.361 0.2690000000000001 0.6970000000000001 1 0.07600000000000001 0.624 0.11543536632144225
 842 -324530 0.36 0.24828231683927887 0 0 0.44799999999999995 0.2690000000000001 0.366 0.361 0.2690000000000001 0.6970000000000001 1 0.07600000000000001 0.624 0.11543536632144225
 843 -324530 0.31999999999999995 0.21428231683927884 0 0 0.44799999999999995 0.2690000000000001 0.366 0.361 0.2690000000000001 0.6970000000000001 1 0.07600000000000001 0.624 0.11543536632144225
 844 -328647.6799954002 0.43999999999999995 0.3178617874934408 0 0 0.44799999999999995 0.2690000000000001 0.366 0.361 0.2690000000000001 0.6970000000000001 1 0.07600000000000001 0.624 0.1122764250131183
 845 -332774.99199078965 0.38 0.26844495281579966 0 0 0.44799999999999995 0.2690000000000001 0.366 0.361 0.2690000000000001 0.6970000000000001 1 0.07600000000000001 0.624 0.10911009436840069
 846 -328654.90399539215 0.36 0.24986455849458844 0 0 0.44799999999999995 0.2690000000000001 0.366 0.361 0.2690000000000001 0.6970000000000001 1 0.07600000000000001 0.624 0.11227088301082311
 847 -324530 0.36 0.24828231683927887 0 0 0.44799999999999995 0.2690000000000001 0.366 0.361 0.2690000000000001 0.6970000000000001 1 0.07600000000000001 0.624 0.11543536632144225
 848 -324530 0.33999999999999997 0.23128231683927886 1 1 0.44799999999999995 0.2690000000000001 0.366 0.361 0.2690000000000001 0.6970000000000001 1 0.07600000000000001 0.624 0.11543536632144225
 849 -324530 0.30000000000000004 0.19728231683927888 0 0 0.36 0.02300000000000002 0 0 0 0 0 0.29500000000000004 0 0.11543536632144225
 850 -324532.40799999976 0.28 0.18028324050632907 1 0 0.36 0.02300000000000002 0 0 0 0 0 0.29500000000000004 0 0.11543351898734189
 851 -324530 0.16000000000000003 0.07828231683927889 1 0 0.316 0 0.31299999999999994 0 0 0.31299999999999994 0 0.608 0 0.11543536632144225
 852 -324534.81599999015 0.28 0.1802841641733756 0 0 0.6280000000000001 0.492 0.8049999999999999 0.33899999999999997 0.33899999999999997 0.6519999999999999 0.31200000000000006 1 0.31200000000000006 0.11543167165324886
 853 -324530 0.18000000000000005 0.0952823168392789 0 0 0.6280000000000001 0.492 0.8049999999999999 0.33899999999999997 0.33899999999999997 0.6519999999999999 0.31200000000000006 1 0.31200000000000006 0.11543536632144225
 854 -324530 0.19999999999999996 0.11228231683927883 0 0 0.6280000000000001 0.492 0.8049999999999999 0.33899999999999997 0.33899999999999997 0.6519999999999999 0.31200000000000006 1 0.31200000000000006 0.11543536632144225
 855 -324530 0.28 0.1802823168392789 1 0 0.6280000000000001 0.492 0.8049999999999999 0.33899999999999997 0.33899999999999997 0.6519999999999999 0.31200000000000006 1 0.31200000000000006 0.11543536632144225
 856 -324530 0.33999999999999997 0.23128231683927886 0 0 0.5450000000000002 0.409 0.45999999999999996 0.25599999999999995 0 0.3749999999999999 0 0.723 0.03500000000000003 0.11543536632144225
 857 -324530 0.43999999999999995 0.3162823168392788 0 0 0.5450000000000002 0.409 0.45999999999999996 0.25599999999999995 0 0.3749999999999999 0 0.723 0.03500000000000003 0.11543536632144225
 858 -324530 0.31999999999999995 0.21428231683927884 1 0 0.5450000000000002 0.409 0.45999999999999996 0.25599999999999995 0 0.3749999999999999 0 0.723 0.03500000000000003 0.11543536632144225
 859 -324530 0.42000000000000004 0.2992823168392789 0 0 0.24300000000000016 0.4769999999999999 0.15799999999999997 0.419 0.06799999999999995 0.5379999999999999 0.06799999999999995 0.886 0 0.11543536632144225
 860 -324530 0.42000000000000004 0.2992823168392789 0 0 0.24300000000000016 0.4769999999999999 0.15799999999999997 0.419 0.06799999999999995 0.5379999999999999 0.06799999999999995 0.886 0 0.11543536632144225
 861 -324530 0.45999999999999996 0.33328231683927884 0 0 0.24300000000000016 0.4769999999999999 0.15799999999999997 0.419 0.06799999999999995 0.5379999999999999 0.06799999999999995 0.886 0 0.11543536632144225
 862 -324530 0.19999999999999996 0.11228231683927883 1 0 0.24300000000000016 0.4769999999999999 0.15799999999999997 0.419 0.06799999999999995 0.5379999999999999 0.06799999999999995 0.886 0 0.11543536632144225
 863 -324530 0.31999999999999995 0.21428231683927884 0 0 0.24300000000000016 0.4769999999999999 0.9469999999999998 0.419 0.06799999999999995 0.5379999999999999 0.06799999999999995 0.886 0 0.11543536632144225
 864 -324530 0.31999999999999995 0.21428231683927884 0 0 0.24300000000000016 0.4769999999999999 0.9469999999999998 0.419 0.06799999999999995 0.5379999999999999 0.06799999999999995 0.886 0 0.11543536632144225
 865 -324530 0.28 0.1802823168392789 0 0 0.24300000000000016 0.4769999999999999 0.9469999999999998 0.419 0.06799999999999995 0.5379999999999999 0.06799999999999995 0.886 0 0.11543536632144225
 866 -324530 0.31999999999999995 0.21428231683927884 0 0 0.24300000000000016 0.4769999999999999 0.9469999999999998 0.419 0.06799999999999995 0.5379999999999999 0.06799999999999995 0.886 0 0.11543536632144225
 867 -324530 0.24 0.14628231683927886 0 0 0.24300000000000016 0.4769999999999999 0.9469999999999998 0.419 0.06799999999999995 0.5379999999999999 0.06799999999999995 0.886 0 0.11543536632144225
 868 -324530 0.26 0.16328231683927888 0 0 0.24300000000000016 0.4769999999999999 0.9469999999999998 0.419 0.06799999999999995 0.5379999999999999 0.06799999999999995 0.886 0 0.11543536632144225
 869 -324530 0.18000000000000005 0.0952823168392789 0 0 0.24300000000000016 0.4769999999999999 0.9469999999999998 0.419 0.06799999999999995 0.5379999999999999 0.06799999999999995 0.886 0 0.11543536632144225
 870 -324530 0.26 0.16328231683927888 0 0 0.24300000000000016 0.4769999999999999 0.9469999999999998 0.419 0.06799999999999995 0.5379999999999999 0.06799999999999995 0.886 0 0.11543536632144225
 871 -327624.2449918433 0.33999999999999997 0.2324692155703273 0 0 0.24300000000000016 0.4769999999999999 0.9469999999999998 0.419 0.06799999999999995 0.5379999999999999 0.06799999999999995 0.886 0 0.11306156885934537
 872 -324530 0.36 0.24828231683927887 0 0 0.24300000000000016 0.4769999999999999 0.9469999999999998 0.419 0.06799999999999995 0.5379999999999999 0.06799999999999995 0.886 0 0.11543536632144225
 873 -324530 0.38 0.2652823168392789 1 1 0.24300000000000016 0.4769999999999999 0.9469999999999998 0.419 0.06799999999999995 0.5379999999999999 0.06799999999999995 0.886 0 0.11543536632144225
 874 -324530 0.42000000000000004 0.2992823168392789 0 0 0 0 0 0 0.396 0.062000000000000055 0.637 0.3650000000000001 0.03200000000000003 0.11543536632144225
 875 -324530 0.42000000000000004 0.2992823168392789 1 0 0 0 0 0 0.396 0.062000000000000055 0.637 0.3650000000000001 0.03200000000000003 0.11543536632144225
 876 -324530 0.36 0.24828231683927887 0 0 0 0.19699999999999995 0.19699999999999995 0.46299999999999997 0.20400000000000001 0.259 1 0.8280000000000001 0 0.11543536632144225
 877 -324530 0.45999999999999996 0.33328231683927884 1 0 0 0.19699999999999995 0.19699999999999995 0.46299999999999997 0.20400000000000001 0.259 1 0.8280000000000001 0 0.11543536632144225
 878 -324530 0.38 0.2652823168392789 1 0 0 0.14799999999999996 0 0.7909999999999999 0 0.587 0.9510000000000001 0.502 0.32799999999999996 0.11543536632144225
 879 -324530 0.28 0.1802823168392789 0 0 0.22699999999999998 0.15499999999999997 0.22699999999999998 0.7979999999999999 0.04800000000000004 0.635 1 0.509 0.376 0.11543536632144225
 880 -324530 0.26 0.16328231683927888 0 0 0.22699999999999998 0.15499999999999997 0.22699999999999998 0.7979999999999999 0.04800000000000004 0.635 1 0.509 0.376 0.11543536632144225
 881 -324530 0.33999999999999997 0.23128231683927886 1 1 0.22699999999999998 0.15499999999999997 0.22699999999999998 0.7979999999999999 0.04800000000000004 0.635 1 0.509 0.376 0.11543536632144225
 882 -324530 0.38 0.2652823168392789 1 0 0 0.24500000000000005 0 0.017000000000000015 0 0 0.014999999999999958 0.32000000000000006 0.017000000000000015 0.11543536632144225
 883 -324530 0.28 0.1802823168392789 0 0 0 0.9220000000000002 0 0.017000000000000015 0 0 0.014999999999999958 0.32000000000000006 0.017000000000000015 0.11543536632144225
 884 -324530 0.30000000000000004 0.19728231683927888 0 0 0 0.9220000000000002 0 0.017000000000000015 0 0 0.014999999999999958 0.32000000000000006 0.017000000000000015 0.11543536632144225
 885 -324530 0.30000000000000004 0.19728231683927888 0 0 0 0.9220000000000002 0 0.017000000000000015 0 0 0.014999999999999958 0.32000000000000006 0.017000000000000015 0.11543536632144225
 886 -324530 0.24 0.14628231683927886 0 0 0 0.9220000000000002 0 0.017000000000000015 0 0 0.014999999999999958 0.32000000000000006 0.017000000000000015 0.11543536632144225
 887 -324530 0.28 0.1802823168392789 0 0 0 0.9220000000000002 0 0.017000000000000015 0 0 0.014999999999999958 0.32000000000000006 0.017000000000000015 0.11543536632144225
 888 -324530 0.33999999999999997 0.23128231683927886 0 0 0 0.9220000000000002 0 0.017000000000000015 0 0 0.014999999999999958 0.32000000000000006 0.017000000000000015 0.11543536632144225
 889 -324530 0.33999999999999997 0.23128231683927886 1 0 0 0.9220000000000002 0 0.017000000000000015 0 0 0.014999999999999958 0.32000000000000006 0.017000000000000015 0.11543536632144225
 890 -327622.43548538804 0.18000000000000005 0.09646852147502427 0 0 0 0.8550000000000002 0 0 0 0 0 0 0 0.1130629570499515
 891 -324530 0.24 0.14628231683927886 0 0 0 0.8550000000000002 0 0 0 0 0 0 0 0.11543536632144225
 892 -324530 0.30000000000000004 0.19728231683927888 0 0 0 0.8550000000000002 0 0 0 0 0 0 0 0.11543536632144225
 893 -324530 0.31999999999999995 0.21428231683927884 0 0 0 0.8550000000000002 0 0 0 0 0 0 0 0.11543536632144225
 894 -324530 0.33999999999999997 0.23128231683927886 1 1 0 0.8550000000000002 0 0 0 0 0 0 0 0.11543536632144225
 895 -324530 0.26 0.16328231683927888 0 0 0.20399999999999996 0 0 0 0.20399999999999996 0.20399999999999996 0.476 0.7060000000000001 0.403 0.11543536632144225
 896 -324530 0.33999999999999997 0.23128231683927886 0 0 0.20399999999999996 0 0 0 0.20399999999999996 0.20399999999999996 0.476 0.7060000000000001 0.403 0.11543536632144225
 897 -324530 0.30000000000000004 0.19728231683927888 0 0 0.20399999999999996 0 0 0 0.20399999999999996 0.20399999999999996 0.476 0.7060000000000001 0.403 0.11543536632144225
 898 -324530 0.33999999999999997 0.23128231683927886 0 0 0.20399999999999996 0 0 0 0.20399999999999996 0.20399999999999996 0.476 0.7060000000000001 0.403 0.11543536632144225
 899 -324530 0.28 0.1802823168392789 0 0 0.20399999999999996 0 0 0 0.20399999999999996 0.20399999999999996 0.476 0.7060000000000001 0.403 0.11543536632144225
 900 -324530 0.33999999999999997 0.23128231683927886 0 0 0.20399999999999996 0 0 0 0.20399999999999996 0.20399999999999996 0.476 0.7060000000000001 0.403 0.11543536632144225
 901 -324530 0.26 0.16328231683927888 0 0 0.20399999999999996 0 0 0 0.20399999999999996 0.20399999999999996 0.476 0.7060000000000001 0.403 0.11543536632144225
 902 -324530 0.33999999999999997 0.23128231683927886 0 0 0.20399999999999996 0 0 0 0.20399999999999996 0.20399999999999996 0.476 0.7060000000000001 0.403 0.11543536632144225
 903 -324530 0.31999999999999995 0.21428231683927884 1 1 0.20399999999999996 0 0 0 0.20399999999999996 0.20399999999999996 0.476 0.7060000000000001 0.403 0.11543536632144225
 904 -324530 0.36 0.24828231683927887 1 0 0.36300000000000004 0.16700000000000004 0.24900000000000005 0 0.16700000000000004 0 0.23099999999999998 0.16700000000000004 0 0.11543536632144225
 905 -324530 0.33999999999999997 0.23128231683927886 0 0 0.742 0 0.07300000000000006 0 0.546 0 0.05499999999999999 0 0.379 0.11543536632144225
 906 -324530 0.31999999999999995 0.21428231683927884 1 0 0.742 0 0.07300000000000006 0 0.546 0 0.05499999999999999 0 0.379 0.11543536632144225
 907 -324530 0.31999999999999995 0.21428231683927884 0 0 0.742 0 0.07300000000000006 0 0.5569999999999999 0 0.05499999999999999 0 0.379 0.11543536632144225
 908 -324530 0.33999999999999997 0.23128231683927886 0 0 0.742 0 0.07300000000000006 0 0.5569999999999999 0 0.05499999999999999 0 0.379 0.11543536632144225
 909 -324530 0.28 0.1802823168392789 1 0 0.742 0 0.07300000000000006 0 0.5569999999999999 0 0.05499999999999999 0 0.379 0.11543536632144225
 910 -324530 0.36 0.24828231683927887 0 0 0.5349999999999999 0.17700000000000005 0 0 0.3499999999999999 0 0.23200000000000004 0 0.556 0.11543536632144225
 911 -324530 0.36 0.24828231683927887 0 0 0.5349999999999999 0.17700000000000005 0 0 0.3499999999999999 0 0.23200000000000004 0 0.556 0.11543536632144225
 912 -324530 0.31999999999999995 0.21428231683927884 0 0 0.5349999999999999 0.17700000000000005 0 0 0.3499999999999999 0 0.23200000000000004 0 0.556 0.11543536632144225
 913 -324530 0.42000000000000004 0.2992823168392789 0 0 0.5349999999999999 0.17700000000000005 0 0 0.3499999999999999 0 0.23200000000000004 0 0.556 0.11543536632144225
 914 -324530 0.4 0.2822823168392789 0 0 0.5349999999999999 0.17700000000000005 0 0 0.3499999999999999 0 0.23200000000000004 0 0.556 0.11543536632144225
 915 -324530 0.42000000000000004 0.2992823168392789 0 0 0.5349999999999999 0.17700000000000005 0 0 0.3499999999999999 0 0.23200000000000004 0 0.556 0.11543536632144225
 916 -327622.4354969751 0.38 0.2664685214794688 1 0 0.5349999999999999 0.17700000000000005 0 0 0.3499999999999999 0 0.23200000000000004 0 0.556 0.1130629570410624
 917 -327624.244991689 0.38 0.26646921557026815 1 1 0.23599999999999993 0.4860000000000001 0.20399999999999996 0.30900000000000005 0.050999999999999934 0 0.436 0.30900000000000005 0.76 0.11306156885946372
 918 -333812.73499999923 0.38 0.2688430130418102 1 1 0.41999999999999993 0 0 0.22599999999999998 0 0.557 0.23400000000000004 0.22599999999999998 0.025000000000000022 0.10831397391637965
 919 -333807.3064999992 0.26 0.1668409307633292 0 0 0.118 0 0.343 0.589 0.62 1 1 1 0 0.1083181384733416
 920 -336906.97999999893 0.24 0.15102991177598737 0 0 0.118 0 0.343 0.589 0.62 1 1 1 0 0.10594017644802523
 921 -339999.4154999986 0.24 0.15221611641733743 0 0 0.118 0 0.343 0.589 0.62 1 1 1 0 0.10356776716532512
 922 -339999.4154999987 0.21999999999999997 0.1352161164173374 0 0 0.118 0 0.343 0.589 0.62 1 1 1 0 0.10356776716532512
 923 -327622.43549999973 0.28 0.18146852148062895 1 0 0.118 0 0.343 0.589 0.62 1 1 1 0 0.11306295703874214
 924 -327624.244995981 0.33999999999999997 0.2324692155719144 0 0 0.118 0.2350000000000001 0.343 0.589 0.62 1 1 1 0 0.11306156885617114
 925 -327624.244995981 0.31999999999999995 0.2154692155719144 0 0 0.118 0.2350000000000001 0.343 0.589 0.62 1 1 1 0 0.11306156885617114
 926 -324530 0.36 0.24828231683927887 1 0 0.118 0.2350000000000001 0.343 0.589 0.62 1 1 1 0 0.11543536632144225
 927 -324530 0.31999999999999995 0.21428231683927884 0 0 0.0030000000000000027 0.4680000000000001 0.5760000000000001 0.822 0.505 0.884 0.884 0.884 0 0.11543536632144225
 928 -324530 0.24 0.14628231683927886 0 0 0.0030000000000000027 0.4680000000000001 0.5760000000000001 0.822 0.505 0.884 0.884 0.884 0 0.11543536632144225
 929 -324530 0.21999999999999997 0.12928231683927885 1 0 0.0030000000000000027 0.4680000000000001 0.5760000000000001 0.822 0.505 0.884 0.884 0.884 0 0.11543536632144225
 930 -324530 0.28 0.1802823168392789 1 0 0 0.6290000000000001 0.7370000000000001 0.43699999999999994 0.287 0.499 0.499 0.6659999999999999 0.16100000000000003 0.11543536632144225
 931 -324530 0.30000000000000004 0.19728231683927888 1 0 0 0.7680000000000001 0.5100000000000001 0.576 0.301 0.272 0.638 0.6799999999999999 0.17500000000000004 0.11543536632144225
 932 -324530 0.28 0.1802823168392789 0 0 0 0.02000000000000013 0.5100000000000001 0.576 0.301 0.272 0.638 0.6799999999999999 0.17500000000000004 0.11543536632144225
 933 -324530 0.36 0.24828231683927887 0 0 0 0.02000000000000013 0.5100000000000001 0.576 0.301 0.272 0.638 0.6799999999999999 0.17500000000000004 0.11543536632144225
 934 -324530 0.33999999999999997 0.23128231683927886 0 0 0 0.02000000000000013 0.5100000000000001 0.576 0.301 0.272 0.638 0.6799999999999999 0.17500000000000004 0.11543536632144225
 935 -324530 0.30000000000000004 0.19728231683927888 1 1 0 0.02000000000000013 0.5100000000000001 0.576 0.301 0.272 0.638 0.6799999999999999 0.17500000000000004 0.11543536632144225
 936 -324530 0.19999999999999996 0.11228231683927883 0 0 0.925 0.6900000000000001 0.788 0.491 0.09300000000000008 1 1 1 0.5150000000000001 0.11543536632144225
 937 -324530 0.30000000000000004 0.19728231683927888 0 0 0.925 0.6900000000000001 0.788 0.491 0.09300000000000008 1 1 1 0.5150000000000001 0.11543536632144225
 938 -324530 0.30000000000000004 0.19728231683927888 1 1 0.925 0.6900000000000001 0.788 0.491 0.09300000000000008 1 1 1 0.5150000000000001 0.11543536632144225
 939 -324530 0.38 0.2652823168392789 0 0 0 0.539 0 0 0 0 0.575 0.255 0.44200000000000006 0.11543536632144225
 940 -324530 0.48 0.35028231683927885 0 0 0 0.539 0 0 0 0 0.575 0.255 0.44200000000000006 0.11543536632144225
 941 -324530 0.28 0.1802823168392789 0 0 0 0.539 0 0 0 0 0.575 0.255 0.44200000000000006 0.11543536632144225
 942 -324530 0.42000000000000004 0.2992823168392789 0 0 0 0.539 0 0 0 0 0.575 0.255 0.44200000000000006 0.11543536632144225
 943 -324530 0.36 0.24828231683927887 0 0 0 0.539 0 0 0 0 0.575 0.255 0.44200000000000006 0.11543536632144225
 944 -324530 0.26 0.16328231683927888 1 0 0 0.539 0 0 0 0 0.575 0.255 0.44200000000000006 0.11543536632144225
 945 -324530 0.38 0.2652823168392789 0 0 0.32399999999999995 0.666 0.32399999999999995 0.32399999999999995 0.14200000000000002 0.14200000000000002 0.702 0.382 0.5840000000000001 0.11543536632144225
 946 -324530 0.4 0.2822823168392789 1 0 0.32399999999999995 0.666 0.32399999999999995 0.32399999999999995 0.14200000000000002 0.14200000000000002 0.702 0.382 0.5840000000000001 0.11543536632144225
 947 -324530 0.28 0.1802823168392789 1 0 0.32499999999999996 0.448 0.10599999999999993 0.20899999999999996 0.14300000000000002 0.027000000000000024 0.703 0.16399999999999998 0.4690000000000001 0.11543536632144225
 948 -324530 0.31999999999999995 0.21428231683927884 0 0 0.618 0.7829999999999999 0.4409999999999999 0.502 0.19600000000000006 0.08000000000000007 0.996 0.21700000000000003 0.804 0.11543536632144225
 949 -324531.8094999922 0.43999999999999995 0.31628301093210276 0 0 0.618 0.7829999999999999 0.4409999999999999 0.502 0.19600000000000006 0.08000000000000007 0.996 0.21700000000000003 0.804 0.11543397813579437
 950 -324530 0.26 0.16328231683927888 0 0 0.618 0.7829999999999999 0.4409999999999999 0.502 0.19600000000000006 0.08000000000000007 0.996 0.21700000000000003 0.804 0.11543536632144225
 951 -324530 0.28 0.1802823168392789 0 0 0.618 0.7829999999999999 0.4409999999999999 0.502 0.19600000000000006 0.08000000000000007 0.996 0.21700000000000003 0.804 0.11543536632144225
 952 -324530 0.33999999999999997 0.23128231683927886 0 0 0.618 0.7829999999999999 0.4409999999999999 0.502 0.19600000000000006 0.08000000000000007 0.996 0.21700000000000003 0.804 0.11543536632144225
 953 -324530 0.42000000000000004 0.2992823168392789 1 0 0.618 0.7829999999999999 0.4409999999999999 0.502 0.19600000000000006 0.08000000000000007 0.996 0.21700000000000003 0.804 0.11543536632144225
 954 -324530 0.36 0.24828231683927887 1 1 0.433 0.8839999999999999 0.3819999999999999 0.317 0.011000000000000065 0.021000000000000074 0.937 0.318 0.905 0.11543536632144225
 955 -324530 0.4 0.2822823168392789 0 0 0 0 0 0 0 0.33100000000000007 0.453 0.45300000000000007 0.8049999999999999 0.11543536632144225
 956 -324530 0.24 0.14628231683927886 0 0 0 0 0 0 0 0.33100000000000007 0.453 0.45300000000000007 0.8049999999999999 0.11543536632144225
 957 -324530 0.28 0.1802823168392789 0 0 0 0 0 0 0 0.33100000000000007 0.453 0.45300000000000007 0.8049999999999999 0.11543536632144225
 958 -324530 0.31999999999999995 0.21428231683927884 0 0 0 0 0 0 0 0.33100000000000007 0.453 0.45300000000000007 0.8049999999999999 0.11543536632144225
 959 -324530 0.38 0.2652823168392789 0 0 0 0 0 0 0 0.33100000000000007 0.453 0.45300000000000007 0.8049999999999999 0.11543536632144225
 960 -328650.0880000003 0.42000000000000004 0.30086271116225566 1 0 0 0 0 0 0 0.33100000000000007 0.453 0.45300000000000007 0.8049999999999999 0.11227457767548876
 961 -328650.0879931563 0.4 0.2838627111596303 0 0 0 0.4 0.07499999999999996 0.07499999999999996 0.4 0.406 0.274 0.2740000000000001 1 0.11227457768073945
 962 -332770.17598631256 0.31999999999999995 0.21744310547998175 1 0 0 0.4 0.07499999999999996 0.07499999999999996 0.4 0.406 0.274 0.2740000000000001 1 0.10911378904003644
 963 -332770.1759928825 0.30000000000000004 0.20044310548250194 0 0 0 0.20800000000000002 0.235 0.235 0.56 0 0.08200000000000002 0 0.808 0.10911378903499613
 964 -331746.1424928819 0.24 0.14905030398652933 1 1 0 0.20800000000000002 0.235 0.235 0.56 0 0.08200000000000002 0 0.808 0.10989939202694132
 965 -334845.81598895893 0.4 0.28623928499768275 0 0 0 0.21499999999999997 0.23899999999999993 0.51 0 0.486 0 0.84 0.663 0.10752143000463454
 966 -337944.27848527767 0.33999999999999997 0.2364278014903251 0 0 0 0.21499999999999997 0.23899999999999993 0.51 0 0.486 0 0.84 0.663 0.10514439701934974
 967 -324530 0.36 0.24828231683927887 1 0 0 0.21499999999999997 0.23899999999999993 0.51 0 0.486 0 0.84 0.663 0.11543536632144225
 968 -324530 0.38 0.2652823168392789 0 0 0 0 0 0.238 0 0.11399999999999999 0 0.46799999999999997 0.31300000000000006 0.11543536632144225
 969 -324530 0.38 0.2652823168392789 0 0 0 0 0 0.238 0 0.11399999999999999 0 0.46799999999999997 0.31300000000000006 0.11543536632144225
 970 -327626.05449999974 0.36 0.2494699096662829 0 0 0 0 0 0.238 0 0.11399999999999999 0 0.46799999999999997 0.31300000000000006 0.11306018066743417
 971 -324530 0.24 0.14628231683927886 0 0 0 0 0 0.238 0 0.11399999999999999 0 0.46799999999999997 0.31300000000000006 0.11543536632144225
 972 -324530 0.38 0.2652823168392789 1 0 0 0 0 0.238 0 0.11399999999999999 0 0.46799999999999997 0.31300000000000006 0.11543536632144225
 973 -324530 0.5 0.36728231683927887 0 0 0.14400000000000002 0 0 0 0 0 0 0.612 0.4570000000000001 0.11543536632144225
 974 -324530 0.42000000000000004 0.2992823168392789 0 0 0.14400000000000002 0 0 0 0 0 0 0.612 0.4570000000000001 0.11543536632144225
 975 -327620.6259999997 0.28 0.18146782738780196 1 1 0.14400000000000002 0 0 0 0 0 0 0.612 0.4570000000000001 0.11306434522439612
 976 -324530 0.28 0.1802823168392789 0 0 0.382 0.382 0.382 0 0 0.7530000000000001 0.35100000000000003 0.42200000000000004 0.6030000000000001 0.11543536632144225
 977 -324530 0.26 0.16328231683927888 1 0 0.382 0.382 0.382 0 0 0.7530000000000001 0.35100000000000003 0.42200000000000004 0.6030000000000001 0.11543536632144225
 978 -324530 0.24 0.14628231683927886 0 0 0.14100000000000001 0.14100000000000001 0.31 0 0 0.39700000000000013 0.11000000000000004 0.35000000000000003 0.2470000000000001 0.11543536632144225
 979 -324530 0.36 0.24828231683927887 1 1 0.14100000000000001 0.14100000000000001 0.31 0 0 0.39700000000000013 0.11000000000000004 0.35000000000000003 0.2470000000000001 0.11543536632144225
 980 -324530 0.33999999999999997 0.23128231683927886 1 0 0.998 0 0.49 0.46699999999999997 0.498 1 1 0.698 0.16999999999999998 0.11543536632144225
 981 -327624.2449918259 0.38 0.26646921557032066 0 0 0.673 0.478 0.968 0.27899999999999997 0.976 0.812 0.812 0.37299999999999994 0 0.1130615688593587
 982 -327622.4354918307 0.43999999999999995 0.3174685214774954 0 0 0.673 0.478 0.968 0.27899999999999997 0.976 0.812 0.812 0.37299999999999994 0 0.11306295704500913
 983 -324530 0.5 0.36728231683927887 0 0 0.673 0.478 0.968 0.27899999999999997 0.976 0.812 0.812 0.37299999999999994 0 0.11543536632144225
 984 -324530 0.4 0.2822823168392789 0 0 0.673 0.478 0.968 0.27899999999999997 0.976 0.812 0.812 0.37299999999999994 0 0.11543536632144225
 985 -324530 0.26 0.16328231683927888 0 0 0.673 0.478 0.968 0.27899999999999997 0.976 0.812 0.812 0.37299999999999994 0 0.11543536632144225
 986 -324530 0.33999999999999997 0.23128231683927886 0 0 0.673 0.478 0.968 0.27899999999999997 0.976 0.812 0.812 0.37299999999999994 0 0.11543536632144225
 987 -324530 0.31999999999999995 0.21428231683927884 0 0 0.673 0.478 0.968 0.27899999999999997 0.976 0.812 0.812 0.37299999999999994 0 0.11543536632144225
 988 -324530 0.38 0.2652823168392789 0 0 0.673 0.478 0.968 0.27899999999999997 0.976 0.812 0.812 0.37299999999999994 0 0.11543536632144225
 989 -324530 0.36 0.24828231683927887 1 1 0.673 0.478 0.968 0.27899999999999997 0.976 0.812 0.812 0.37299999999999994 0 0.11543536632144225
 990 -324530 0.28 0.1802823168392789 0 0 0.4620000000000001 0 0 0 0 0.30600000000000005 0 0.30600000000000005 0.2830000000000001 0.11543536632144225
 991 -328650.0880000003 0.21999999999999997 0.1308627111622556 0 0 0.4620000000000001 0 0 0 0 0.30600000000000005 0 0.30600000000000005 0.2830000000000001 0.11227457767548876
 992 -332770.1760000006 0.19999999999999996 0.11544310548523226 0 0 0.4620000000000001 0 0 0 0 0.30600000000000005 0 0.30600000000000005 0.2830000000000001 0.10911378902953539
 993 -336892.07350000093 0.30000000000000004 0.202024193901036 0 0 0.4620000000000001 0 0 0 0 0.30600000000000005 0 0.30600000000000005 0.2830000000000001 0.10595161219792804
 994 -345134.05900000164 0.21999999999999997 0.13718567663981643 0 0 0.4620000000000001 0 0 0 0 0.30600000000000005 0 0.30600000000000005 0.2830000000000001 0.09962864672036709
 995 -335871.65900000033 0.28 0.1846327805907175 0 0 0.4620000000000001 0 0 0 0 0.30600000000000005 0 0.30600000000000005 0.2830000000000001 0.10673443881856504
 996 -338962.2850000001 0.36 0.25381829113924054 1 1 0.4620000000000001 0 0 0 0 0.30600000000000005 0 0.30600000000000005 0.2830000000000001 0.10436341772151891
 997 -335873.46848443436 0.43999999999999995 0.3206334746775735 0 0 0 0.30300000000000005 0 0 0.10699999999999998 0.07800000000000001 0.42 0 0.14800000000000002 0.10673305064485283
 998 -505530.2494585263 0.36 0.306 0 0 0 0.30300000000000005 0 0 0.10699999999999998 0.07800000000000001 0.42 0 0.14800000000000002 0
 999 -511226.9544533061 0.24 0.204 0 0 0 0.30300000000000005 0 0 0.10699999999999998 0.07800000000000001 0.42 0 0.14800000000000002 0
 1000 -384306.7484222004 0.43999999999999995 0.339211641128577 0 0 0 0.30300000000000005 0 0 0.10699999999999998 0.07800000000000001 0.42 0 0.14800000000000002 0.0695767177428459